url,page_type,intent,role,cta,cta_href,must_preserve
https://www.algolia.com/about/news/20vc-nicolas-dessaigne-founder-ceo-algolia,press-release,learn,trust-building,Get started,https://dashboard.algolia.com/users/sign_up,true
https://www.algolia.com,homepage,evaluate,conversion,Get a demo,https://www.algolia.com/demorequest,true
https://www.algolia.com/about/news/6eme-rapport-annuel-d-algolia-sur-la-recherche-e-commerce-les-investissements,press-release,learn,trust-building,Get started,https://dashboard.algolia.com/users/sign_up,true
https://www.algolia.com/about/news/ai-search-and-retrieval-leader-algolia-releases-six-bold-bets-for-2026,press-release,learn,trust-building,Get started,https://dashboard.algolia.com/users/sign_up,true
https://www.algolia.com/about/news,press-release,learn,trust-building,Get a demo,https://www.algolia.com/demorequest,true
https://www.algolia.com/about,company,learn,trust-building,Get a demo,https://www.algolia.com/demorequest,true
https://www.algolia.com/about/news/20-time-champion-ranked-a-leader-in-g2s-enterprise-grid-report-for-e-commerce-search,press-release,learn,trust-building,Get started,https://dashboard.algolia.com/users/sign_up,true
https://www.algolia.com/about/news/6-best-practices-to-increase-work-force-engagement,press-release,learn,trust-building,Get started,https://dashboard.algolia.com/users/sign_up,true
https://www.algolia.com/about/news/Algolia-powers-29-billion-searches-during-cyber-weekend-2024,press-release,learn,trust-building,Get started,https://dashboard.algolia.com/users/sign_up,true
https://www.algolia.com/about/leadership,company,learn,trust-building,Get a demo,https://www.algolia.com/demorequest,true
https://www.algolia.com/about/news/4-upgrades-to-your-business-that-will-change-you-and-your-customers-lives,press-release,learn,trust-building,Get started,https://dashboard.algolia.com/users/sign_up,true
https://www.algolia.com/about/news/1-7bn-lost-by-online-retailers-as-shoppers-struggle-to-search-for-latest-fashion-trends,press-release,learn,trust-building,Get started,https://dashboard.algolia.com/users/sign_up,true
https://www.algolia.com/about/news/ai-search-innovator-algolia-honored-with-prestigious-microsoft-france-isv-partner-of-the-year-award,press-release,learn,trust-building,Get started,https://dashboard.algolia.com/users/sign_up,true
https://www.algolia.com/about/news/algolia-announces-its-2nd-annual-developer-conference-devcon-2023,press-release,learn,trust-building,Get started,https://dashboard.algolia.com/users/sign_up,true
https://www.algolia.com/about/news/algolia-announces-winter-20-with-search-experience-management-to-help-business-users-grow-revenues-by-30,press-release,learn,trust-building,Get started,https://dashboard.algolia.com/users/sign_up,true
https://www.algolia.com/about/news/algolia-adds-three-key-executives-to-continue-hypergrowth,press-release,learn,trust-building,Get started,https://dashboard.algolia.com/users/sign_up,true
https://www.algolia.com/about/news/algolia-advances-api-first-software-development-valuation-soars-to-2-25-billion-with-150-million-series-d-funding,press-release,learn,trust-building,Get started,https://dashboard.algolia.com/users/sign_up,true
https://www.algolia.com/about/news/algolia-acquires-morphl-launches-ai-powered-predictive-experiences-and-personalization,press-release,learn,trust-building,Get started,https://dashboard.algolia.com/users/sign_up,true
https://www.algolia.com/about/news/algolia-2025-awards-wrap-up,press-release,learn,trust-building,Get started,https://dashboard.algolia.com/users/sign_up,true
https://www.algolia.com/about/news/algolia-adds-1-000-new-customers-in-first-half-of-2020-rising-to-search-discovery-needs-amidst-unprecedented-digital-adoption,press-release,learn,trust-building,Get started,https://dashboard.algolia.com/users/sign_up,true
https://www.algolia.com/about/news/algolia-announces-global-expansion-into-japan,press-release,learn,trust-building,Get started,https://dashboard.algolia.com/users/sign_up,true
https://www.algolia.com/about/news/algolia-announces-availability-of-artificial-intelligence-based-recommendation-api-algolia-recommend-1,press-release,learn,trust-building,Get started,https://dashboard.algolia.com/users/sign_up,true
https://www.algolia.com/about/news/algolia-announces-general-availability-of-ai-powered-search-products,press-release,learn,trust-building,Get started,https://dashboard.algolia.com/users/sign_up,true
https://www.algolia.com/about/news/algolia-announces-integration-with-stripe-projects,press-release,learn,trust-building,Get started,https://dashboard.algolia.com/users/sign_up,true
https://www.algolia.com/about/news/algolia-appoints-ashley-stirrup-as-chief-marketing-officer,press-release,learn,trust-building,Get started,https://dashboard.algolia.com/users/sign_up,true
https://www.algolia.com/about/news/algolia-ceo-bernadette-nixon-wins-stevie-award,press-release,learn,trust-building,Get started,https://dashboard.algolia.com/users/sign_up,true
https://www.algolia.com/about/news/algolia-brings-agentic-commerce-to-the-modern-storefront,press-release,learn,trust-building,Get started,https://dashboard.algolia.com/users/sign_up,true
https://www.algolia.com/about/news/algolia-awarded-coveted-aws-retail-competency-status,press-release,learn,trust-building,Get started,https://dashboard.algolia.com/users/sign_up,true
https://www.algolia.com/about/news/algolia-boosts-paul-shark-s-search-revenue-by-15-in-first-month,press-release,learn,trust-building,Get started,https://dashboard.algolia.com/users/sign_up,true
https://www.algolia.com/about/news/algolia-appoints-jean-louis-baffier-as-chief-revenue-officer-to-support-rapid-corporate-growth-and-momentum,press-release,learn,trust-building,Get started,https://dashboard.algolia.com/users/sign_up,true
https://www.algolia.com/about/news/algolia-boosts-browse-with-ai-powered-collections,press-release,learn,trust-building,Get started,https://dashboard.algolia.com/users/sign_up,true
https://www.algolia.com/about/news/algolia-boosts-revival-animal-health-s-revenue-conversion-by-12-with-ai-powered-search,press-release,learn,trust-building,Get started,https://dashboard.algolia.com/users/sign_up,true
https://www.algolia.com/about/news/algolia-appoints-stephen-lynch-as-chief-executive-officer,press-release,learn,trust-building,Get started,https://dashboard.algolia.com/users/sign_up,true
https://www.algolia.com/about/news/algolia-appoints-sean-mullaney-as-new-chief-technology-officer,press-release,learn,trust-building,Get started,https://dashboard.algolia.com/users/sign_up,true
https://www.algolia.com/about/news/algolia-boosts-conversions-for-easy24-eb2b-platform,press-release,learn,trust-building,Get started,https://dashboard.algolia.com/users/sign_up,true
https://www.algolia.com/about/news/algolia-appoints-peter-minev-as-senior-vice-president-of-engineering,press-release,learn,trust-building,Get started,https://dashboard.algolia.com/users/sign_up,true
https://www.algolia.com/about/news/algolia-ceo-to-host-panel-at-nrf-2025,press-release,learn,trust-building,Get started,https://dashboard.algolia.com/users/sign_up,true
https://www.algolia.com/about/news/algolia-clinches-2025-gold-hermes-creative-award,press-release,learn,trust-building,Get started,https://dashboard.algolia.com/users/sign_up,true
https://www.algolia.com/about/news/algolia-collaborates-with-firebase-to-offer-database-search,press-release,learn,trust-building,Get started,https://dashboard.algolia.com/users/sign_up,true
https://www.algolia.com/about/news/algolia-collaborates-with-microsoft-to-drive-real-time-product-data-to-shopping-experiences,press-release,learn,trust-building,Get started,https://dashboard.algolia.com/users/sign_up,true
https://www.algolia.com/about/news/algolia-delivers-forrester-total-economic-impact-study,press-release,learn,trust-building,Get started,https://dashboard.algolia.com/users/sign_up,true
https://www.algolia.com/about/news/algolia-completes-bumper-year-with-30-prestigious-industry-awards-including-forbes-cloud-100-inc-5000-salesforce-and-more,press-release,learn,trust-building,Get started,https://dashboard.algolia.com/users/sign_up,true
https://www.algolia.com/about/news/algolia-ceo-wins-stevie-award-for-women-in-business-for-second-consecutive-year,press-release,learn,trust-building,Get started,https://dashboard.algolia.com/users/sign_up,true
https://www.algolia.com/about/news/algolia-chief-executive-officer-to-speak-at-etail-boston-2025,press-release,learn,trust-building,Get started,https://dashboard.algolia.com/users/sign_up,true
https://www.algolia.com/about/news/algolia-chief-ecosystem-officer-at-adobe-summit-2026,press-release,learn,trust-building,Get started,https://dashboard.algolia.com/users/sign_up,true
https://www.algolia.com/about/news/algolia-ceo-wins-stevie-award,press-release,learn,trust-building,Get started,https://dashboard.algolia.com/users/sign_up,true
https://www.algolia.com/about/news/algolia-concludes-2023-with-more-than-30-distinguished-industry-accolades,press-release,learn,trust-building,Get started,https://dashboard.algolia.com/users/sign_up,true
https://www.algolia.com/about/news/algolia-dominates-g2-spring-2026,press-release,learn,trust-building,Get started,https://dashboard.algolia.com/users/sign_up,true
https://www.algolia.com/about/news/algolia-cto-xavier-grand-joins-ai-day-france-2026,press-release,learn,trust-building,Get started,https://dashboard.algolia.com/users/sign_up,true
https://www.algolia.com/about/news/algolia-disrupts-market-with-search-io-acquisition-ushering-in-a-new-era-of-search-and-discovery,press-release,learn,trust-building,Get started,https://dashboard.algolia.com/users/sign_up,true
https://www.algolia.com/about/news/algolia-earns-top-spot-on-g2-s-grid-report-for-enterprise-search-software-for-11th-consecutive-time,press-release,learn,trust-building,Get started,https://dashboard.algolia.com/users/sign_up,true
https://www.algolia.com/about/news/algolia-earns-a-spot-on-the-g2-2023-software-awards-for-best-commerce-products-and-best-analytics-and-ai-product,press-release,learn,trust-building,Get started,https://dashboard.algolia.com/users/sign_up,true
https://www.algolia.com/about/news/algolia-earns-record-breaking-17-badges-as-top-enterprise-search-software-on-g2-spring-2023-grid-report,press-release,learn,trust-building,Get started,https://dashboard.algolia.com/users/sign_up,true
https://www.algolia.com/about/news/algolia-doubles-down-on-developer-first-innovation-to-build-the-future-of-agentic-ai-experiences,press-release,learn,trust-building,Get started,https://dashboard.algolia.com/users/sign_up,true
https://www.algolia.com/about/news/algolia-heads-to-shoptalk-europe-2026-to-discuss-smarter-shopping-experiences,press-release,learn,trust-building,Get a demo,https://www.algolia.com/demorequest,true
https://www.algolia.com/about/news/algolia-ecommerce-report-ai-driven-search-experiences-go-mainstream-supercharge-revenue-generation,press-release,learn,trust-building,Get started,https://dashboard.algolia.com/users/sign_up,true
https://www.algolia.com/about/news/algolia-heads-to-microsoft-build-2026,press-release,learn,trust-building,Get started,https://dashboard.algolia.com/users/sign_up,true
https://www.algolia.com/about/news/algolia-finishes-2024-awards-and-recognitions,press-release,learn,trust-building,Get started,https://dashboard.algolia.com/users/sign_up,true
https://www.algolia.com/about/news/algolia-expands-pricing-plans-to-bring-ai-search-capabilities-to-every-developer,press-release,learn,trust-building,Get started,https://dashboard.algolia.com/users/sign_up,true
https://www.algolia.com/about/news/algolia-gives-your-app-mobile-search-super-powers,press-release,learn,trust-building,Get started,https://dashboard.algolia.com/users/sign_up,true
https://www.algolia.com/about/news/algolia-going-global-to-compete-with-google,press-release,learn,trust-building,Get started,https://dashboard.algolia.com/users/sign_up,true
https://www.algolia.com/about/news/algolia-helps-co-op-overcome-pandemic-driven-online-demand,press-release,learn,trust-building,Get started,https://dashboard.algolia.com/users/sign_up,true
https://www.algolia.com/about/news/algolia-hires-new-ceo-to-lead-next-stage-of-company-growth,press-release,learn,trust-building,Get started,https://dashboard.algolia.com/users/sign_up,true
https://www.algolia.com/about/news/algolia-helps-gofundme-increase-engagement-by-15,press-release,learn,trust-building,Get started,https://dashboard.algolia.com/users/sign_up,true
https://www.algolia.com/about/news/algolia-helps-mister-auto-boost-scalability-and-speed-optimizing-the-ecommerce-experience-for-3-million-unique-customers-a-month,press-release,learn,trust-building,Get started,https://dashboard.algolia.com/users/sign_up,true
https://www.algolia.com/about/news/algolia-honored-in-inc-magazine-s-annual-list-of-america-s-fastest-growing-private-companies-the-inc-5000,press-release,learn,trust-building,Get started,https://dashboard.algolia.com/users/sign_up,true
https://www.algolia.com/about/news/algolia-introduces-agent-studio-to-power-highly-scalable-agentic-search-experiences,press-release,learn,trust-building,Get started,https://dashboard.algolia.com/users/sign_up,true
https://www.algolia.com/about/news/algolia-integration-with-amazon-bedrock-unlocking-the-next-generation-of-ai-experiences,press-release,learn,trust-building,Get started,https://dashboard.algolia.com/users/sign_up,true
https://www.algolia.com/about/news/algolia-introduces-context-aware-retrieval-for-the-agentic-era,press-release,learn,trust-building,Get started,https://dashboard.algolia.com/users/sign_up,true
https://www.algolia.com/about/news/algolia-honored-with-19-total-accolades,press-release,learn,trust-building,Get started,https://dashboard.algolia.com/users/sign_up,true
https://www.algolia.com/about/news/algolia-introduces-new-developer-friendly-build-pricing-plan-with-one-million-free-records-for-its-search-and-discovery-platform-slashes-api-pricing-by-50,press-release,learn,trust-building,Get started,https://dashboard.algolia.com/users/sign_up,true
https://www.algolia.com/about/news/algolia-introduces-shopping-guides,press-release,learn,trust-building,Get started,https://dashboard.algolia.com/users/sign_up,true
https://www.algolia.com/about/news/algolia-joins-the-shopify-plus-certified-app-program,press-release,learn,trust-building,Get started,https://dashboard.algolia.com/users/sign_up,true
https://www.algolia.com/about/news/algolia-introduces-new-intelligent-auto-parts-solution,press-release,learn,trust-building,Get started,https://dashboard.algolia.com/users/sign_up,true
https://www.algolia.com/about/news/algolia-introduces-smart-groups-to-bring-ai-powered-curation-and-automation-to-content-teams-and-merchandisers,press-release,learn,trust-building,Get started,https://dashboard.algolia.com/users/sign_up,true
https://www.algolia.com/about/news/algolia-launches-additional-ai-models-in-its-recommend-spring-release-2022-to-supercharge-businesses-ability-to-engage-with-users,press-release,learn,trust-building,Get started,https://dashboard.algolia.com/users/sign_up,true
https://www.algolia.com/about/news/algolia-lands-three-comparably-awards-reflecting-its-position-as-an-employer-of-choice,press-release,learn,trust-building,Get started,https://dashboard.algolia.com/users/sign_up,true
https://www.algolia.com/about/news/algolia-launches-breakthrough-trifecta-of-ai-powered-ranking-capabilities,press-release,learn,trust-building,Get started,https://dashboard.algolia.com/users/sign_up,true
https://www.algolia.com/about/news/algolia-launches-algolia-recommend-a-new-api-first-product-to-generate-blazing-fast-highly-relevant-recommendations-at-scale-for-retailers,press-release,learn,trust-building,Get started,https://dashboard.algolia.com/users/sign_up,true
https://www.algolia.com/about/news/algolia-launches-agent-studio-to-power-scalable-context-aware-ai-agents,press-release,learn,trust-building,Get started,https://dashboard.algolia.com/users/sign_up,true
https://www.algolia.com/about/news/algolia-launches-ai-powered-algolia-neuralsearchtm-the-world-s-fastest-hyper-scalable-and-cost-effective-vector-and-keyword-search-api,press-release,learn,trust-building,Get started,https://dashboard.algolia.com/users/sign_up,true
https://www.algolia.com/about/news/algolia-launches-data-transformations-tool,press-release,learn,trust-building,Get started,https://dashboard.algolia.com/users/sign_up,true
https://www.algolia.com/about/news/algolia-launches-dynamic-facets-to-make-product-discovery-faster-smarter-and-more-relevant,press-release,learn,trust-building,Get started,https://dashboard.algolia.com/users/sign_up,true
https://www.algolia.com/about/news/algolia-launches-new-technology-and-consulting-partner-program,press-release,learn,trust-building,Get started,https://dashboard.algolia.com/users/sign_up,true
https://www.algolia.com/about/news/algolia-launches-intelligent-fashion-solution,press-release,learn,trust-building,Get started,https://dashboard.algolia.com/users/sign_up,true
https://www.algolia.com/about/news/algolia-launches-next-generation-crawler-simplifying-data-ingestion-for-developers,press-release,learn,trust-building,Get started,https://dashboard.algolia.com/users/sign_up,true
https://www.algolia.com/about/news/algolia-launches-global-program-offering-startups-10-000-in-free-search-discovery-usage,press-release,learn,trust-building,Get started,https://dashboard.algolia.com/users/sign_up,true
https://www.algolia.com/about/news/algolia-moves-beyond-web-search-to-place-search,press-release,learn,trust-building,Get started,https://dashboard.algolia.com/users/sign_up,true
https://www.algolia.com/about/news/algolia-launches-the-industry-s-most-intelligent-self-learning-search-platform-powered-by-ai-designed-using-trillions-of-searches,press-release,learn,trust-building,Get started,https://dashboard.algolia.com/users/sign_up,true
https://www.algolia.com/about/news/algolia-named-a-bigcommerce-preferred-technology-partner,press-release,learn,trust-building,Get started,https://dashboard.algolia.com/users/sign_up,true
https://www.algolia.com/about/news/algolia-named-a-leader-in-2024-gartner-magic-quadrant-for-search-and-product-discovery,press-release,learn,trust-building,Get started,https://dashboard.algolia.com/users/sign_up,true
https://www.algolia.com/about/news/algolia-named-a-great-place-to-work-for-the-first-time,press-release,learn,trust-building,Get started,https://dashboard.algolia.com/users/sign_up,true
https://www.algolia.com/about/news/algolia-named-a-leader-in-2025-gartnerr-magic-quadrantTM-for-search-and-product-discovery,press-release,learn,trust-building,Get started,https://dashboard.algolia.com/users/sign_up,true
https://www.algolia.com/about/news/algolia-named-a-leader-in-idc-marketscape-for-general-purpose-knowledge-discovery-software,press-release,learn,trust-building,Get started,https://dashboard.algolia.com/users/sign_up,true
https://www.algolia.com/about/news/algolia-named-a-leader-in-g2s-gridr-report-for-enterprise-search-software-for-19th-consecutive-time,press-release,learn,trust-building,Get started,https://dashboard.algolia.com/users/sign_up,true
https://www.algolia.com/about/news/algolia-named-a-leader-in-g2-s-grid-report-for-e-commerce-search-software,press-release,learn,trust-building,Get started,https://dashboard.algolia.com/users/sign_up,true
https://www.algolia.com/about/news/algolia-named-a-leader-in-g2s-grid-report-for-enterprise-search-software-for-18th-consecutive-time,press-release,learn,trust-building,Get started,https://dashboard.algolia.com/users/sign_up,true
https://www.algolia.com/about/news/algolia-named-one-of-the-top-50-highest-rated-private-cloud-computing-companies-to-work-for-for-second-consecutive-year,press-release,learn,trust-building,Get started,https://dashboard.algolia.com/users/sign_up,true
https://www.algolia.com/about/news/algolia-named-a-leader-in-idc-marketscape-for-worldwide-general-purpose-knowledge-discovery-software-2023,press-release,learn,trust-building,Get started,https://dashboard.algolia.com/users/sign_up,true
https://www.algolia.com/about/news/algolia-named-a-top-10-power-player-on-the-commercetech-power-list,press-release,learn,trust-building,Get started,https://dashboard.algolia.com/users/sign_up,true
https://www.algolia.com/about/news/algolia-named-top-enterprise-search-software-on-g2-grid-report-for-13th-consecutive-time,press-release,learn,trust-building,Get started,https://dashboard.algolia.com/users/sign_up,true
https://www.algolia.com/about/news/algolia-named-category-leader-in-g2-grid-report-for-enterprise-search,press-release,learn,trust-building,Get started,https://dashboard.algolia.com/users/sign_up,true
https://www.algolia.com/about/news/algolia-named-to-the-2020-cb-insights-retail-tech-100-list-of-most-innovative-b2b-retail-startups-for-best-cognitive-search-solution,press-release,learn,trust-building,Get started,https://dashboard.algolia.com/users/sign_up,true
https://www.algolia.com/about/news/algolia-named-on-inc-5000-for-eight-years-straight,press-release,learn,trust-building,Get started,https://dashboard.algolia.com/users/sign_up,true
https://www.algolia.com/about/news/algolia-named-winner-of-salesforce-commerce-cloud-partner-awards,press-release,learn,trust-building,Get started,https://dashboard.algolia.com/users/sign_up,true
https://www.algolia.com/about/news/algolia-named-uk-s-best-work-places-in-tech-for-the-first-time,press-release,learn,trust-building,Get started,https://dashboard.algolia.com/users/sign_up,true
https://www.algolia.com/about/news/algolia-named-winner-in-2023-ava-digital-awards,press-release,learn,trust-building,Get started,https://dashboard.algolia.com/users/sign_up,true
https://www.algolia.com/about/news/algolia-names-jason-mcclelland-as-new-chief-marketing-officer,press-release,learn,trust-building,Get started,https://dashboard.algolia.com/users/sign_up,true
https://www.algolia.com/about/news/algolia-neuralsearch-named-a-finalist-for-ventana-research-s-digital-innovation-awards,press-release,learn,trust-building,Get started,https://dashboard.algolia.com/users/sign_up,true
https://www.algolia.com/about/news/algolia-partners-with-openbase-to-launch-ultimate-search-engine-for-open-source-packages,press-release,learn,trust-building,Get started,https://dashboard.algolia.com/users/sign_up,true
https://www.algolia.com/about/news/algolia-partners-and-builds-new-integration-connectors-with-commercetools-to-deliver-world-class-shopping-experiences,press-release,learn,trust-building,Get started,https://dashboard.algolia.com/users/sign_up,true
https://www.algolia.com/about/news/algolia-powers-12-billion-searches-with-e-commerce-customers-on-cyber-weekend-a-5-increase-yoy-despite-national-decrease-in-online-spending,press-release,learn,trust-building,Get started,https://dashboard.algolia.com/users/sign_up,true
https://www.algolia.com/about/news/algolia-ranked-number-125-fastest-growing-company-in-north-america-on-deloitte-s-2019-technology-fast-500,press-release,learn,trust-building,Get started,https://dashboard.algolia.com/users/sign_up,true
https://www.algolia.com/about/news/algolia-raises-110-million-in-funding,press-release,learn,trust-building,Get started,https://dashboard.algolia.com/users/sign_up,true
https://www.algolia.com/about/news/algolia-powers-33-5-billion-searches-during-cyber-weekend-2025,press-release,learn,trust-building,Get started,https://dashboard.algolia.com/users/sign_up,true
https://www.algolia.com/about/news/algolia-receives-ava-digital-award-platinum-award,press-release,learn,trust-building,Get started,https://dashboard.algolia.com/users/sign_up,true
https://www.algolia.com/about/news/algolia-recognized-as-a-2026-trustradius-top-rated-and-buyer-s-choice-winner,press-release,learn,trust-building,Get started,https://dashboard.algolia.com/users/sign_up,true
https://www.algolia.com/about/news/algolia-redefines-online-fashion-retail-with-the-next-generation-of-its-intelligent-fashion-solution,press-release,learn,trust-building,Get started,https://dashboard.algolia.com/users/sign_up,true
https://www.algolia.com/about/news/algolia-recognized-as-a-leader-in-the-2026-gartner-magic-quadrant,press-release,learn,trust-building,Get started,https://dashboard.algolia.com/users/sign_up,true
https://www.algolia.com/about/news/algolia-recognized-on-forbes-cloud-list,press-release,learn,trust-building,Get started,https://dashboard.algolia.com/users/sign_up,true
https://www.algolia.com/about/news/algolia-report-ai-search-emerges-as-the-cornerstone-of-digital-first-b2b-ecommerce-strategy,press-release,learn,trust-building,Get started,https://dashboard.algolia.com/users/sign_up,true
https://www.algolia.com/about/news/algolia-receives-highest-honor-in-the-2024-ava-digital-awards-for-outstanding-creative-work,press-release,learn,trust-building,Get started,https://dashboard.algolia.com/users/sign_up,true
https://www.algolia.com/about/news/algolia-recognized-in-trustradius-2025-tech-cares-award,press-release,learn,trust-building,Get started,https://dashboard.algolia.com/users/sign_up,true
https://www.algolia.com/about/news/algolia-report-ai-search-is-critical-in-b2b-ecommerce-strategy-but-adoption-varies,press-release,learn,trust-building,Get started,https://dashboard.algolia.com/users/sign_up,true
https://www.algolia.com/about/news/algolia-report-b2b,press-release,learn,trust-building,Get started,https://dashboard.algolia.com/users/sign_up,true
https://www.algolia.com/about/news/algolia-retains-leader-spot-in-g2-s-grid-report-for-enterprise-search-software-for-15th-consecutive-time,press-release,learn,trust-building,Get started,https://dashboard.algolia.com/users/sign_up,true
https://www.algolia.com/about/news/algolia-report-search-technologies-drive-revenue-personalization-remains-integral,press-release,learn,trust-building,Get started,https://dashboard.algolia.com/users/sign_up,true
https://www.algolia.com/about/news/algolia-s-ai-search-platform-receives-k5-commerce-award-in-search-and-marketing-tool-category,press-release,learn,trust-building,Get started,https://dashboard.algolia.com/users/sign_up,true
https://www.algolia.com/about/news/algolia-s-ai-search-enables-jd-sports-to-elevate-e-commerce-experience,press-release,learn,trust-building,Get started,https://dashboard.algolia.com/users/sign_up,true
https://www.algolia.com/about/news/algolia-s-chief-ecosystem-officer-to-share-ai-strategy-on-a-travel-and-leisure-panel-at-adobe-summit-2024,press-release,learn,trust-building,Get started,https://dashboard.algolia.com/users/sign_up,true
https://www.algolia.com/about/news/algolia-s-chief-executive-officer-to-present-at-nrf-2024,press-release,learn,trust-building,Get started,https://dashboard.algolia.com/users/sign_up,true
https://www.algolia.com/about/news/algolia-s-new-ai-powered-merchandising-suite-empowers-retailers-to-automate-merchandising-during-peak-periods-and-flash-sales,press-release,learn,trust-building,Get started,https://dashboard.algolia.com/users/sign_up,true
https://www.algolia.com/about/news/algolia-s-chief-strategic-business-development-officer-to-speak-at-salesforce-connections-2023,press-release,learn,trust-building,Get started,https://dashboard.algolia.com/users/sign_up,true
https://www.algolia.com/about/news/algolia-s-state-of-search-report-reveals-retail-s-ability-to-drive-higher-conversions-through-modern-search,press-release,learn,trust-building,Get started,https://dashboard.algolia.com/users/sign_up,true
https://www.algolia.com/about/news/algolia-s-search-discovery-delivers-382-3-year-roi-according-to-forrester-tei-study,press-release,learn,trust-building,Get started,https://dashboard.algolia.com/users/sign_up,true
https://www.algolia.com/about/news/algolia-scores-big-in-every-category-in-paradigm-b2b-prestigious-2025-enterprise-edition-of-its-b2b-combine-for-search-and-discovery,press-release,learn,trust-building,Get started,https://dashboard.algolia.com/users/sign_up,true
https://www.algolia.com/about/news/algolia-showcases-the-future-of-ai-driven-search-and-discovery-at-shoptalk-luxe-2026,press-release,learn,trust-building,Get started,https://dashboard.algolia.com/users/sign_up,true
https://www.algolia.com/about/news/algolia-search-and-discovery-platform-optimizes-walgreens-omnichannel-shopping,press-release,learn,trust-building,Get started,https://dashboard.algolia.com/users/sign_up,true
https://www.algolia.com/about/news/algolia-search-report-ai-investment-remains-resilient-search-reigns-as-retail-top-digital-priority,press-release,learn,trust-building,Get started,https://dashboard.algolia.com/users/sign_up,true
https://www.algolia.com/about/news/algolia-strengthens-world-class-executive-team-with-addition-of-new-chief-people-officer-and-chief-financial-officer,press-release,learn,trust-building,Get started,https://dashboard.algolia.com/users/sign_up,true
https://www.algolia.com/about/news/algolia-sweeps-g2-winter-2026-rankings,press-release,learn,trust-building,Get started,https://dashboard.algolia.com/users/sign_up,true
https://www.algolia.com/about/news/algolia-surpasses-1-trillion-search-query-annual-run-rate-in-year-of-historic-growth,press-release,learn,trust-building,Get started,https://dashboard.algolia.com/users/sign_up,true
https://www.algolia.com/about/news/algolia-showcases-powerful-ai-driven-search-at-shoptalk-spring-2025-booth-1650,press-release,learn,trust-building,Get started,https://dashboard.algolia.com/users/sign_up,true
https://www.algolia.com/about/news/algolia-summer-19-delivers-search-and-discovery-now-moments-across-web-mobile-and-voice-channels,press-release,learn,trust-building,Get started,https://dashboard.algolia.com/users/sign_up,true
https://www.algolia.com/about/news/algolia-takes-in-app-search-to-new-places,press-release,learn,trust-building,Get started,https://dashboard.algolia.com/users/sign_up,true
https://www.algolia.com/about/news/algolia-to-bring-new-headless-commerce-search-and-discovery-capabilities-to-customers-with-salesforce-commerce-cloud-integration,press-release,learn,trust-building,Get started,https://dashboard.algolia.com/users/sign_up,true
https://www.algolia.com/about/news/algolia-to-host-its-3rd-annual-developer-conference-devcon-2024,press-release,learn,trust-building,Get started,https://dashboard.algolia.com/users/sign_up,true
https://www.algolia.com/about/news/algolia-to-provide-scalable-enterprise-grade-search-and-discovery-experience-on-microsoft-azure,press-release,learn,trust-building,Get started,https://dashboard.algolia.com/users/sign_up,true
https://www.algolia.com/about/news/algolia-to-showcase-importance-of-voice-search-at-voice-summit-2019,press-release,learn,trust-building,Get started,https://dashboard.algolia.com/users/sign_up,true
https://www.algolia.com/about/news/algolia-transforms-retail-recommendations,press-release,learn,trust-building,Get started,https://dashboard.algolia.com/users/sign_up,true
https://www.algolia.com/about/news/algolia-turbocharges-al-futtaim-group-s-search-performance-and-consumer-experience,press-release,learn,trust-building,Get started,https://dashboard.algolia.com/users/sign_up,true
https://www.algolia.com/about/news/algolia-triples-nuts-com-s-customer-conversion-rates-and-increases-average-order-value-by-15-among-users-that-search,press-release,learn,trust-building,Get started,https://dashboard.algolia.com/users/sign_up,true
https://www.algolia.com/about/news/algolia-unveils-ai-powered-query-categorization-to-turbo-charge-online-business-operations,press-release,learn,trust-building,Get started,https://dashboard.algolia.com/users/sign_up,true
https://www.algolia.com/about/news/algolia-unlocks-smarter-search-and-faster-growth-for-shopify-merchants,press-release,learn,trust-building,Get started,https://dashboard.algolia.com/users/sign_up,true
https://www.algolia.com/about/news/algolia-unveils-a-new-era-for-documentation-search-with-self-service-onboarding-and-askai,press-release,learn,trust-building,Get started,https://dashboard.algolia.com/users/sign_up,true
https://www.algolia.com/about/news/algolia-unlocks-clean-contextual-data-at-scale-with-intelligent-data-kit,press-release,learn,trust-building,Get started,https://dashboard.algolia.com/users/sign_up,true
https://www.algolia.com/about/news/algolia-unveils-intelligent-grocery-solution,press-release,learn,trust-building,Get started,https://dashboard.algolia.com/users/sign_up,true
https://www.algolia.com/about/news/algolia-unveils-new-real-time-context-aware-ai-agents-across-salesforce-and-adobe,press-release,learn,trust-building,Get started,https://dashboard.algolia.com/users/sign_up,true
https://www.algolia.com/about/news/algolia-unveils-new-search-discovery-tools-for-developers-at-devcon-2022,press-release,learn,trust-building,Get started,https://dashboard.algolia.com/users/sign_up,true
https://www.algolia.com/about/news/algolia-unveils-next-generation-ai-enhanced-data-driven-merchandising-studio,press-release,learn,trust-building,Get started,https://dashboard.algolia.com/users/sign_up,true
https://www.algolia.com/about/news/algolia-updates-pricing-for-aws-customers,press-release,learn,trust-building,Get started,https://dashboard.algolia.com/users/sign_up,true
https://www.algolia.com/about/news/algolia-unveils-vision-for-future-of-dynamic-digital-experiences,press-release,learn,trust-building,Get started,https://dashboard.algolia.com/users/sign_up,true
https://www.algolia.com/about/news/algolia-wins-2024-ai-breakthrough-awards-for-best-overall-ai-search-platform,press-release,learn,trust-building,Get started,https://dashboard.algolia.com/users/sign_up,true
https://www.algolia.com/about/news/algolia-unveils-new-ai-powered-digital-merchandising-studio,press-release,learn,trust-building,Get started,https://dashboard.algolia.com/users/sign_up,true
https://www.algolia.com/about/news/algolia-unveils-new-ai-personalization,press-release,learn,trust-building,Get started,https://dashboard.algolia.com/users/sign_up,true
https://www.algolia.com/about/news/algolia-wants-to-bring-transparency-to-service-level-agreements,press-release,learn,trust-building,Get started,https://dashboard.algolia.com/users/sign_up,true
https://www.algolia.com/about/news/algolia-unveils-revolutionary-generative-ai-smelling-similar-model-to-redefine-the-search-experience,press-release,learn,trust-building,Get started,https://dashboard.algolia.com/users/sign_up,true
https://www.algolia.com/about/news/algolia-unveils-new-looking-similar-capability-elevating-shopping-experiences-with-image-based-recommendations,press-release,learn,trust-building,Get started,https://dashboard.algolia.com/users/sign_up,true
https://www.algolia.com/about/news/algolia-welcomes-lorena-scott-as-new-chief-people-officer,press-release,learn,trust-building,Get started,https://dashboard.algolia.com/users/sign_up,true
https://www.algolia.com/about/news/algolia-wins-2024-gold-hermes-creative-award,press-release,learn,trust-building,Get started,https://dashboard.algolia.com/users/sign_up,true
https://www.algolia.com/about/news/algolia-wins-best-overall-conversion-optimization-solution-in-the-2022-martech-breakthrough-awards-program,press-release,learn,trust-building,Get started,https://dashboard.algolia.com/users/sign_up,true
https://www.algolia.com/about/news/algolia-wins-2025-adobe-digital-experience-content-supply-chain-technology-partner-of-the-year-award,press-release,learn,trust-building,Get started,https://dashboard.algolia.com/users/sign_up,true
https://www.algolia.com/about/news/algolia-wins-commercetools-2025-partner-award-for-isv-partner-of-the-year,press-release,learn,trust-building,Get started,https://dashboard.algolia.com/users/sign_up,true
https://www.algolia.com/about/news/algolia-wins-four-2023-comparably-awards,press-release,learn,trust-building,Get started,https://dashboard.algolia.com/users/sign_up,true
https://www.algolia.com/about/news/algolia-wins-four-2022-comparably-awards,press-release,learn,trust-building,Get started,https://dashboard.algolia.com/users/sign_up,true
https://www.algolia.com/about/news/algolia-wins-platinum-marcom-award-for-showcasing-its-end-to-end-ai-search-in-bold-captivating-video,press-release,learn,trust-building,Get started,https://dashboard.algolia.com/users/sign_up,true
https://www.algolia.com/about/news/algolia-wins-two-comparably-awards-for-diversity-and-career-growth,press-release,learn,trust-building,Get started,https://dashboard.algolia.com/users/sign_up,true
https://www.algolia.com/about/news/app-development-trends-favor-custom-ecommerce-platforms,press-release,learn,trust-building,Get started,https://dashboard.algolia.com/users/sign_up,true
https://www.algolia.com/about/news/ava-digital-awards-for-outstanding-creative-work,press-release,learn,trust-building,Get started,https://dashboard.algolia.com/users/sign_up,true
https://www.algolia.com/about/news/blindster-shutters-dated-infrastructure-adopts-algolia-and-gains-remarkable-33-surge-in-search-conversions,press-release,learn,trust-building,Get started,https://dashboard.algolia.com/users/sign_up,true
https://www.algolia.com/about/news/algolias-immense-sales-growth-impact-recognized-by-e-commerce-germany-awards,press-release,learn,trust-building,Get started,https://dashboard.algolia.com/users/sign_up,true
https://www.algolia.com/about/news/brazilian-home-decor-leader-madeiramadeira-powers-ecommerce-with-algolia,press-release,learn,trust-building,Get started,https://dashboard.algolia.com/users/sign_up,true
https://www.algolia.com/about/news/algolias-chief-ecosystem-officer-to-talk-ai-powered-search-and-content-retrieval-at-adobe-summit-2025,press-release,learn,trust-building,Get started,https://dashboard.algolia.com/users/sign_up,true
https://www.algolia.com/about/news/central-department-store-with-algolia-ai-powered-search-platform,press-release,learn,trust-building,Get started,https://dashboard.algolia.com/users/sign_up,true
https://www.algolia.com/about/news/beyond-the-website-algolia-takes-on-the-next-era-of-ai-driven-retail-at-nrf-2026,press-release,learn,trust-building,Get started,https://dashboard.algolia.com/users/sign_up,true
https://www.algolia.com/about/news/club-med-introduces-lightning-fast-ai-powered-search-with-algolia,press-release,learn,trust-building,Get started,https://dashboard.algolia.com/users/sign_up,true
https://www.algolia.com/about/news/comment-le-boom-des-api-a-acc-l-r-la-cr-ation-de-start-up,press-release,learn,trust-building,Get started,https://dashboard.algolia.com/users/sign_up,true
https://www.algolia.com/about/news/docmorris-profits-with-algolia,press-release,learn,trust-building,Get started,https://dashboard.algolia.com/users/sign_up,true
https://www.algolia.com/about/news/fashion-meets-ai-oh-polly-shoppers-find-what-they-love-faster-with-algolias-ai-search,press-release,learn,trust-building,Get started,https://dashboard.algolia.com/users/sign_up,true
https://www.algolia.com/about/news/features-as-a-service-is-changing-the-game-for-app-makers,press-release,learn,trust-building,Get started,https://dashboard.algolia.com/users/sign_up,true
https://www.algolia.com/about/news/dawn-foods-bakes-improved-sales-with-algolia-search,press-release,learn,trust-building,Get started,https://dashboard.algolia.com/users/sign_up,true
https://www.algolia.com/about/news/everlane-boosts-conversions-and-slashes-null-search-results-with-blazing-fast-algolia,press-release,learn,trust-building,Get started,https://dashboard.algolia.com/users/sign_up,true
https://www.algolia.com/about/news/forbes-recognizes-search-and-discovery-pioneer-algolia-as-one-of-the-best-and-brightest-private-cloud-companies-of-the-year,press-release,learn,trust-building,Get started,https://dashboard.algolia.com/users/sign_up,true
https://www.algolia.com/about/news/first-of-its-kind-algolia-report-a-comprehensive-overview-of-operationalized-search,press-release,learn,trust-building,Get started,https://dashboard.algolia.com/users/sign_up,true
https://www.algolia.com/about/news/forbes-selects-ai-search-discovery-innovator-algolia-as-one-of-the-world-s-best-private-cloud-companies,press-release,learn,trust-building,Get started,https://dashboard.algolia.com/users/sign_up,true
https://www.algolia.com/about/news/from-magento-to-shopify-plus-how-to-move-your-money-maker-to-another-platform,press-release,learn,trust-building,Get a demo,https://www.algolia.com/demorequest,true
https://www.algolia.com/about/news/french-fashion-retailer-taps-algolia-ai,press-release,learn,trust-building,Get started,https://dashboard.algolia.com/users/sign_up,true
https://www.algolia.com/about/news/global-kitchen-appliance-brand-breville-brews-up-a-new-ecommerce-experience-with-algolia,press-release,learn,trust-building,Get started,https://dashboard.algolia.com/users/sign_up,true
https://www.algolia.com/about/news/gametime-accelerates-growth-with-ai-search-with-algolia,press-release,learn,trust-building,Get started,https://dashboard.algolia.com/users/sign_up,true
https://www.algolia.com/about/news/google-site-search-is-on-the-way-out-now-what,press-release,learn,trust-building,Get started,https://dashboard.algolia.com/users/sign_up,true
https://www.algolia.com/about/news/hermes-honors-algolia-for-innovation,press-release,learn,trust-building,Get started,https://dashboard.algolia.com/users/sign_up,true
https://www.algolia.com/about/news/hermes-honors-algolia-for-best-video-billboard,press-release,learn,trust-building,Get started,https://dashboard.algolia.com/users/sign_up,true
https://www.algolia.com/about/news/hello-world-algolia-is-launching-its-inaugural-search-discovery-conference-dedicated-to-the-developer-community-devcon-2022,press-release,learn,trust-building,Get started,https://dashboard.algolia.com/users/sign_up,true
https://www.algolia.com/about/news/gymshark-boosts-order-rates-cart-additions-and-customer-engagement-with-algolia-recommend,press-release,learn,trust-building,Get started,https://dashboard.algolia.com/users/sign_up,true
https://www.algolia.com/about/news/inc-magazine-recognizes-algolia-as-one-the-most-successful-independent-businesses-of-2022,press-release,learn,trust-building,Get started,https://dashboard.algolia.com/users/sign_up,true
https://www.algolia.com/about/news/how-features-as-a-service-faas-helps-you-code-faster-and-improves-app-quality,press-release,learn,trust-building,Get started,https://dashboard.algolia.com/users/sign_up,true
https://www.algolia.com/about/news/inc-magazine-recognizes-algolia-as-one-of-america-s-fastest-growing-private-companies,press-release,learn,trust-building,Get started,https://dashboard.algolia.com/users/sign_up,true
https://www.algolia.com/about/news/interview-with-the-ceo-of-search-powerhouse-algolia,press-release,learn,trust-building,Get started,https://dashboard.algolia.com/users/sign_up,true
https://www.algolia.com/about/news/independent-research-firm-shows-algolia-customers-achieve-73m-in-incremental-revenue,press-release,learn,trust-building,Get started,https://dashboard.algolia.com/users/sign_up,true
https://www.algolia.com/about/news/industry-s-first-state-of-search-and-discovery-report-uncovers-how-organizations-derive-value-from-site-search,press-release,learn,trust-building,Get started,https://dashboard.algolia.com/users/sign_up,true
https://www.algolia.com/about/news/inflation-expected-to-shrink-budgets-not-participation-for-prime-day-and-other-shopping-holidays,press-release,learn,trust-building,Get started,https://dashboard.algolia.com/users/sign_up,true
https://www.algolia.com/about/news/in-9b-business-search-market-algolia-tops-google,press-release,learn,trust-building,Get started,https://dashboard.algolia.com/users/sign_up,true
https://www.algolia.com/about/news/la-chasse-aux-licornes-a-commenc-dans-la-french-tech,press-release,learn,trust-building,Get started,https://dashboard.algolia.com/users/sign_up,true
https://www.algolia.com/about/news/how-the-api-boom-accelerated-the-creation-of-start-ups,press-release,learn,trust-building,Get started,https://dashboard.algolia.com/users/sign_up,true
https://www.algolia.com/about/news/les-candidats-tricolores-qui-frappent-la-porte,press-release,learn,trust-building,Get started,https://dashboard.algolia.com/users/sign_up,true
https://www.algolia.com/about/news/les-vraies-raisons-de-la-croissance-d-une-startup-btob-le-cas-algolia,press-release,learn,trust-building,Get started,https://dashboard.algolia.com/users/sign_up,true
https://www.algolia.com/about/news/leading-uk-home-furnishing-retailer-dunelm-doubles-online-sales-and-site-traffic-with-algolia,press-release,learn,trust-building,Get started,https://dashboard.algolia.com/users/sign_up,true
https://www.algolia.com/about/news/meet-nicolas-dessaigne-ceo-of-algolia,press-release,learn,trust-building,Get started,https://dashboard.algolia.com/users/sign_up,true
https://www.algolia.com/about/news/magento-site-searches-comparison-8-self-hosted-and-cloud-solutions,press-release,learn,trust-building,Get started,https://dashboard.algolia.com/users/sign_up,true
https://www.algolia.com/about/news/luxury-menswear-retailer-harry-rosen-boosts-conversion-rates-by-360-across-10-000-skus-using-algolia,press-release,learn,trust-building,Get started,https://dashboard.algolia.com/users/sign_up,true
https://www.algolia.com/about/news/news-entry,press-release,learn,trust-building,Get started,https://dashboard.algolia.com/users/sign_up,true
https://www.algolia.com/about/news/new-algolia-market-report-explores-how-retail-media-networks-are-redefining-digital-discovery,press-release,learn,trust-building,Get started,https://dashboard.algolia.com/users/sign_up,true
https://www.algolia.com/about/news/podcasts,press-release,learn,trust-building,Get a demo,https://www.algolia.com/demorequest,true
https://www.algolia.com/about/news/preview-test,press-release,learn,trust-building,Get started,https://dashboard.algolia.com/users/sign_up,true
https://www.algolia.com/about/news/revolutionizing-retail-algolia-unveils-groundbreaking-generative-ai-for-shopping-experiences,press-release,learn,trust-building,Get started,https://dashboard.algolia.com/users/sign_up,true
https://www.algolia.com/about/news/sellpy-revolutionizes-sustainable-shopping-tailors-customer-experience-with-algolia-s-ai,press-release,learn,trust-building,Get started,https://dashboard.algolia.com/users/sign_up,true
https://www.algolia.com/about/news/shoe-carnival-revolutionizing-retail-using-a-new-composable-headless-commerce-strategy-with-algolia-and-amplience,press-release,learn,trust-building,Get started,https://dashboard.algolia.com/users/sign_up,true
https://www.algolia.com/about/news/tech-users-have-spoken-algolia-recognized-in-g2-s-best-commerce-products-for-2024,press-release,learn,trust-building,Get started,https://dashboard.algolia.com/users/sign_up,true
https://www.algolia.com/about/news/the-great-british-supermarket-switch,press-release,learn,trust-building,Get started,https://dashboard.algolia.com/users/sign_up,true
https://www.algolia.com/about/news/the-french-candidates-knocking-on-the-door,press-release,learn,trust-building,Get started,https://dashboard.algolia.com/users/sign_up,true
https://www.algolia.com/about/news/the-hunt-for-unicorns-has-begun-in-french-tech,press-release,learn,trust-building,Get started,https://dashboard.algolia.com/users/sign_up,true
https://www.algolia.com/about/news/the-french-candidates-who-knock-on-the-door,press-release,learn,trust-building,Get started,https://dashboard.algolia.com/users/sign_up,true
https://www.algolia.com/about/news/top-talent-recruitment-isn-t-just-a-startup-problem-it-s-an-everyone-problem,press-release,learn,trust-building,Get started,https://dashboard.algolia.com/users/sign_up,true
https://www.algolia.com/about/news/this-is-the-latest-new-from-algolia-in-the-search-market,press-release,learn,trust-building,Get started,https://dashboard.algolia.com/users/sign_up,true
https://www.algolia.com/about/news/the-real-reasons-for-the-growth-of-a-btob-startup-the-algolia-case,press-release,learn,trust-building,Get started,https://dashboard.algolia.com/users/sign_up,true
https://www.algolia.com/about/news/zenni-optical-eyes-blazing-fast,press-release,learn,trust-building,Get started,https://dashboard.algolia.com/users/sign_up,true
https://www.algolia.com/about/social-impact,company,learn,trust-building,Get a demo,https://www.algolia.com/demorequest,true
https://www.algolia.com/awards,trust,evaluate,trust-building,Get a demo,https://www.algolia.com/demorequest,true
https://www.algolia.com/blog,blog-hub,learn,seo-acquisition,Get started,https://dashboard.algolia.com/users/sign_up,true
https://www.algolia.com/blog/ai/10-reasons-ai-search-is-the-next-big-thing,blog-post,learn,seo-acquisition,Get started,https://dashboard.algolia.com/users/sign_up,true
https://www.algolia.com/blog/ai,blog-post,learn,seo-acquisition,Get started,https://dashboard.algolia.com/users/sign_up,true
https://www.algolia.com/blog/ai/10-ways-to-know-it-s-fake-ai-search,blog-post,learn,seo-acquisition,Get started,https://dashboard.algolia.com/users/sign_up,true
https://www.algolia.com/blog/ai/5-best-practices-for-nailing-the-ecommerce-virtual-assistant-user-experience,blog-post,learn,seo-acquisition,Get started,https://dashboard.algolia.com/users/sign_up,true
https://www.algolia.com/blog/ai/a-gentle-introduction-to-intelligent-journeys-with-user-intent-graphs,blog-post,learn,seo-acquisition,Get started,https://dashboard.algolia.com/users/sign_up,true
https://www.algolia.com/blog/ai/agentic-architecture,blog-post,learn,seo-acquisition,Get started,https://dashboard.algolia.com/users/sign_up,true
https://www.algolia.com/blog-podcasts,blog-hub,learn,seo-acquisition,Download the TEI study,https://www.algolia.com/lp/algolia-forrester-tei-report-2026?utm_cta=homepagecarousel,true
https://www.algolia.com/blog/ai/a-simple-guide-to-ai-search,blog-post,learn,seo-acquisition,Get started,https://dashboard.algolia.com/users/sign_up,true
https://www.algolia.com/blog/ai/agentic-retrieval,blog-post,learn,seo-acquisition,Get started,https://dashboard.algolia.com/users/sign_up,true
https://www.algolia.com/blog/ai/agentic-search-use-cases,blog-post,learn,seo-acquisition,Get started,https://dashboard.algolia.com/users/sign_up,true
https://www.algolia.com/blog/ai/ai-agent-evaluation-frameworks-metrics-testing-strategies,blog-post,learn,seo-acquisition,Get started,https://dashboard.algolia.com/users/sign_up,true
https://www.algolia.com/blog/ai/advanced-keyword-search-is-built-upon-natural-language-processing-nlp,blog-post,learn,seo-acquisition,Get started,https://dashboard.algolia.com/users/sign_up,true
https://www.algolia.com/blog/ai/ai-agent-use-cases,blog-post,learn,seo-acquisition,Get started,https://dashboard.algolia.com/users/sign_up,true
https://www.algolia.com/blog/ai/ai-and-intent-data-how-do-they-contribute-to-full-blown-intent-intelligence,blog-post,learn,seo-acquisition,Get started,https://dashboard.algolia.com/users/sign_up,true
https://www.algolia.com/blog/ai/ai-conversational-commerce-ux,blog-post,learn,seo-acquisition,Get started,https://dashboard.algolia.com/users/sign_up,true
https://www.algolia.com/blog/ai/ai-data-quality-quantity,blog-post,learn,seo-acquisition,Get started,https://dashboard.algolia.com/users/sign_up,true
https://www.algolia.com/blog/ai/ai-as-a-service-aiaas-in-the-era-of-buy-not-build,blog-post,learn,seo-acquisition,Get started,https://dashboard.algolia.com/users/sign_up,true
https://www.algolia.com/blog/ai/ai-driven-smart-merchandising-what-it-is-and-why-your-ecommerce-store-needs-it,blog-post,learn,seo-acquisition,Get started,https://dashboard.algolia.com/users/sign_up,true
https://www.algolia.com/blog/ai/ai-eats-ecommerce,blog-post,learn,seo-acquisition,Get started,https://dashboard.algolia.com/users/sign_up,true
https://www.algolia.com/blog/ai/ai-for-search-and-personalization-helpful-or-creepy,blog-post,learn,seo-acquisition,Get started,https://dashboard.algolia.com/users/sign_up,true
https://www.algolia.com/blog/ai/ai-ml-at-scale,blog-post,learn,seo-acquisition,Get started,https://dashboard.algolia.com/users/sign_up,true
https://www.algolia.com/blog/ai/ai-fashion-search-and-discovery,blog-post,learn,seo-acquisition,Get started,https://dashboard.algolia.com/users/sign_up,true
https://www.algolia.com/blog/ai/ai-hack-day,blog-post,learn,seo-acquisition,Get started,https://dashboard.algolia.com/users/sign_up,true
https://www.algolia.com/blog/ai/ai-powered-search-architecture,blog-post,learn,seo-acquisition,Get started,https://dashboard.algolia.com/users/sign_up,true
https://www.algolia.com/blog/ai/ai-powered-recommendations-for-media-books-blogs-articles-publications,blog-post,learn,seo-acquisition,Get started,https://dashboard.algolia.com/users/sign_up,true
https://www.algolia.com/blog/ai/ai-search-in-a-world-of-generative-ai,blog-post,learn,seo-acquisition,Get started,https://dashboard.algolia.com/users/sign_up,true
https://www.algolia.com/blog/ai/ai-powered-search-from-keywords-to-conversations,blog-post,learn,seo-acquisition,Get started,https://dashboard.algolia.com/users/sign_up,true
https://www.algolia.com/blog/ai/ai-testing-algolias-mcp-server-with-movie-data,blog-post,learn,seo-acquisition,Get started,https://dashboard.algolia.com/users/sign_up,true
https://www.algolia.com/blog/ai/an-introduction-to-machine-learning-for-images-and-text-now-and-in-the-near-future,blog-post,learn,seo-acquisition,Get started,https://dashboard.algolia.com/users/sign_up,true
https://www.algolia.com/blog/ai/ai-vector-search-build-or-buy,blog-post,learn,seo-acquisition,Get started,https://dashboard.algolia.com/users/sign_up,true
https://www.algolia.com/blog/ai/an-introduction-to-the-four-principles-of-explainable-ai,blog-post,learn,seo-acquisition,Get started,https://dashboard.algolia.com/users/sign_up,true
https://www.algolia.com/blog/ai/an-introduction-to-transformer-models-in-neural-networks-and-machine-learning,blog-post,learn,seo-acquisition,Get started,https://dashboard.algolia.com/users/sign_up,true
https://www.algolia.com/blog/ai/bringing-ai-to-media-to-delight-audiences-optimize-editorial-workflow-and-maximize-revenue,blog-post,learn,seo-acquisition,Get started,https://dashboard.algolia.com/users/sign_up,true
https://www.algolia.com/blog/ai/beyond-borders-how-ai-search-enhances-travel-experiences-from-inspiration-to-innovation,blog-post,learn,seo-acquisition,Get started,https://dashboard.algolia.com/users/sign_up,true
https://www.algolia.com/blog/ai/beyond-search-how-to-boost-advertising-and-improve-user-engagement-on-streaming-and-publishing-platforms-using-ai,blog-post,learn,seo-acquisition,Get started,https://dashboard.algolia.com/users/sign_up,true
https://www.algolia.com/blog/ai/building-converting-business-aware-agents,blog-post,learn,seo-acquisition,Get started,https://dashboard.algolia.com/users/sign_up,true
https://www.algolia.com/blog/ai/building-recommendations-for-ecommerce-media-with-without-ai-1,blog-post,learn,seo-acquisition,Get started,https://dashboard.algolia.com/users/sign_up,true
https://www.algolia.com/blog/ai/building-recommendations-for-ecommerce-media-with-without-ai,blog-post,learn,seo-acquisition,Get started,https://dashboard.algolia.com/users/sign_up,true
https://www.algolia.com/blog/ai/building-trust-with-ai-transparency,blog-post,learn,seo-acquisition,Get started,https://dashboard.algolia.com/users/sign_up,true
https://www.algolia.com/blog/ai/choosing-the-right-model-in-agentic-experiences,blog-post,learn,seo-acquisition,Get started,https://dashboard.algolia.com/users/sign_up,true
https://www.algolia.com/blog/ai/cosine-similarity-what-is-it-and-how-does-it-enable-effective-and-profitable-recommendations,blog-post,learn,seo-acquisition,Get started,https://dashboard.algolia.com/users/sign_up,true
https://www.algolia.com/blog/ai/debunking-the-most-common-ai-myths,blog-post,learn,seo-acquisition,Get started,https://dashboard.algolia.com/users/sign_up,true
https://www.algolia.com/blog/ai/deliver-a-valuable-personalized-shopping-experience-while-respecting-customer-privacy,blog-post,learn,seo-acquisition,Get started,https://dashboard.algolia.com/users/sign_up,true
https://www.algolia.com/blog/ai/deliver-relevant-results-from-voice-search-without-frustrating-your-shoppers,blog-post,learn,seo-acquisition,Get started,https://dashboard.algolia.com/users/sign_up,true
https://www.algolia.com/blog/ai/comparing-ai-search-solutions-in-a-crowded-market-landscape,blog-post,learn,seo-acquisition,Get started,https://dashboard.algolia.com/users/sign_up,true
https://www.algolia.com/blog/ai/essential-tips-for-evaluating-genai-content-quality,blog-post,learn,seo-acquisition,Get started,https://dashboard.algolia.com/users/sign_up,true
https://www.algolia.com/blog/ai/edge-ai-local-relevance-retrieval-engine,blog-post,learn,seo-acquisition,Get started,https://dashboard.algolia.com/users/sign_up,true
https://www.algolia.com/blog/ai/dinnertime-dilemma,blog-post,learn,seo-acquisition,Get started,https://dashboard.algolia.com/users/sign_up,true
https://www.algolia.com/blog/ai/from-search-to-agent-turning-retrieval-into-action,blog-post,learn,seo-acquisition,Get started,https://dashboard.algolia.com/users/sign_up,true
https://www.algolia.com/blog/ai/forrester-and-algolia-how-organizations-can-embrace-ai,blog-post,learn,seo-acquisition,Get started,https://dashboard.algolia.com/users/sign_up,true
https://www.algolia.com/blog/ai/generative-ais-impact-on-the-ecommerce-industry,blog-post,learn,seo-acquisition,Get started,https://dashboard.algolia.com/users/sign_up,true
https://www.algolia.com/blog/ai/evaluate-quality-non-deterministic-agents,blog-post,learn,seo-acquisition,Get started,https://dashboard.algolia.com/users/sign_up,true
https://www.algolia.com/blog/ai/examples-of-best-large-language-models,blog-post,learn,seo-acquisition,Get started,https://dashboard.algolia.com/users/sign_up,true
https://www.algolia.com/blog/ai/haystack-eu-2023-learnings-and-reflections-from-our-team,blog-post,learn,seo-acquisition,Get started,https://dashboard.algolia.com/users/sign_up,true
https://www.algolia.com/blog/ai/hallucination-mitigation,blog-post,learn,seo-acquisition,Get started,https://dashboard.algolia.com/users/sign_up,true
https://www.algolia.com/blog/ai/how-ai-powered-personalization-is-transforming-the-user-and-customer-experience,blog-post,learn,seo-acquisition,get a demo,https://www.algolia.com/demorequest/,true
https://www.algolia.com/blog/ai/how-ai-search-enables-ecommerce-companies-to-boost-revenue-and-cut-costs,blog-post,learn,seo-acquisition,Get started,https://dashboard.algolia.com/users/sign_up,true
https://www.algolia.com/blog/ai/how-ai-improves-the-accuracy-of-sales-forecasting,blog-post,learn,seo-acquisition,Get started,https://dashboard.algolia.com/users/sign_up,true
https://www.algolia.com/blog/ai/how-ai-can-benefit-the-retail-industry,blog-post,learn,seo-acquisition,Get started,https://dashboard.algolia.com/users/sign_up,true
https://www.algolia.com/blog/ai/how-ai-search-unlocks-long-tail-results,blog-post,learn,seo-acquisition,Get started,https://dashboard.algolia.com/users/sign_up,true
https://www.algolia.com/blog/ai/how-algolia-ai-helps-retailers-create-better-converting-experiences,blog-post,learn,seo-acquisition,Learn more and get started today,https://www.algolia.com/products/ai-search/,true
https://www.algolia.com/blog/ai/how-continuous-learning-lets-machine-learning-provide-increasingly-accurate-predictions-and-recommendations,blog-post,learn,seo-acquisition,Get started,https://dashboard.algolia.com/users/sign_up,true
https://www.algolia.com/blog/ai/how-does-a-vector-database-work-a-quick-tutorial,blog-post,learn,seo-acquisition,Get started,https://dashboard.algolia.com/users/sign_up,true
https://www.algolia.com/blog/ai/how-events-are-used-improve-search-results-automatically,blog-post,learn,seo-acquisition,Get started,https://dashboard.algolia.com/users/sign_up,true
https://www.algolia.com/blog/ai/how-to-identify-user-search-intent-using-ai-and-machine-learning,blog-post,learn,seo-acquisition,Get started,https://dashboard.algolia.com/users/sign_up,true
https://www.algolia.com/blog/ai/how-people-should-use-rag-in-search,blog-post,learn,seo-acquisition,Get started,https://dashboard.algolia.com/users/sign_up,true
https://www.algolia.com/blog/ai/how-to-master-personalization-with-ai,blog-post,learn,seo-acquisition,Get started,https://dashboard.algolia.com/users/sign_up,true
https://www.algolia.com/blog/ai/how-to-optimize-an-ai-algorithm,blog-post,learn,seo-acquisition,Get started,https://dashboard.algolia.com/users/sign_up,true
https://www.algolia.com/blog/ai/how-to-use-ai-to-build-your-business,blog-post,learn,seo-acquisition,request a demo,https://www.algolia.com/demorequest/,true
https://www.algolia.com/blog/ai/infuse-ai-search-into-your-tech-stack,blog-post,learn,seo-acquisition,Get started,https://dashboard.algolia.com/users/sign_up,true
https://www.algolia.com/blog/ai/increase-basket-size-value-and-build-customer-loyalty-with-algolia-recommend-and-analytics,blog-post,learn,seo-acquisition,Get started,https://dashboard.algolia.com/users/sign_up,true
https://www.algolia.com/blog/ai/language-model-training,blog-post,learn,seo-acquisition,Get a demo,https://www.algolia.com/demorequest,true
https://www.algolia.com/blog/ai/increase-your-ecommerce-roi-by-predicting-users-next-shopping-stages,blog-post,learn,seo-acquisition,Get started,https://dashboard.algolia.com/users/sign_up,true
https://www.algolia.com/blog/ai/improving-the-customer-ecommerce-experience-with-ai,blog-post,learn,seo-acquisition,Get started,https://dashboard.algolia.com/users/sign_up,true
https://www.algolia.com/blog/ai/interpretability-vs-explainability,blog-post,learn,seo-acquisition,Get started,https://dashboard.algolia.com/users/sign_up,true
https://www.algolia.com/blog/ai/large-language-models-llms-vs-generative-ai-whats-the-difference,blog-post,learn,seo-acquisition,Get started,https://dashboard.algolia.com/users/sign_up,true
https://www.algolia.com/blog/ai/knowledge-graphs-and-ontologies-adding-knowledge-to-keyword-search,blog-post,learn,seo-acquisition,Get started,https://dashboard.algolia.com/users/sign_up,true
https://www.algolia.com/blog/ai/launching-an-industry-leading-artificially-intelligent-search-platform,blog-post,learn,seo-acquisition,Get started,https://dashboard.algolia.com/users/sign_up,true
https://www.algolia.com/blog/ai/neural-hashing-ai-search-retrieval,blog-post,learn,seo-acquisition,Get started,https://dashboard.algolia.com/users/sign_up,true
https://www.algolia.com/blog/ai/learning-to-rank-for-ai-powered-search,blog-post,learn,seo-acquisition,Get started,https://dashboard.algolia.com/users/sign_up,true
https://www.algolia.com/blog/ai/more-transparent-ai,blog-post,learn,seo-acquisition,Get started,https://dashboard.algolia.com/users/sign_up,true
https://www.algolia.com/blog/ai/llm-leaderboard,blog-post,learn,seo-acquisition,Get started,https://dashboard.algolia.com/users/sign_up,true
https://www.algolia.com/blog/ai/neural-networks-or-ai-whats-the-difference-when-it-comes-to-search,blog-post,learn,seo-acquisition,Get started,https://dashboard.algolia.com/users/sign_up,true
https://www.algolia.com/blog/ai/making-a-generative-ai-model-actually-do-stuff,blog-post,learn,seo-acquisition,Get started,https://dashboard.algolia.com/users/sign_up,true
https://www.algolia.com/blog/ai/llms-changing-ecommerce,blog-post,learn,seo-acquisition,Get started,https://dashboard.algolia.com/users/sign_up,true
https://www.algolia.com/blog/ai/optimizing-shoppers-journey-with-a-headless-approach-to-ai,blog-post,learn,seo-acquisition,Get started,https://dashboard.algolia.com/users/sign_up,true
https://www.algolia.com/blog/ai/podcast-ai-powered-search-and-personalization,blog-post,learn,seo-acquisition,Get started,https://dashboard.algolia.com/users/sign_up,true
https://www.algolia.com/blog/ai/personalizing-product-descriptions-with-algolia-gpt-5,blog-post,learn,seo-acquisition,Get started,https://dashboard.algolia.com/users/sign_up,true
https://www.algolia.com/blog/ai/podcast-revolutionizing-ai-driven-ecommerce-strategy,blog-post,learn,seo-acquisition,Get started,https://dashboard.algolia.com/users/sign_up,true
https://www.algolia.com/blog/ai/rag-is-not-dead,blog-post,learn,seo-acquisition,Get started,https://dashboard.algolia.com/users/sign_up,true
https://www.algolia.com/blog/ai/predictive-search-and-autocomplete,blog-post,learn,seo-acquisition,Get started,https://dashboard.algolia.com/users/sign_up,true
https://www.algolia.com/blog/ai/scaling-marketplace-search-with-ai,blog-post,learn,seo-acquisition,Get started,https://dashboard.algolia.com/users/sign_up,true
https://www.algolia.com/blog/ai/semantic-search-and-why-it-matters-for-e-commerce,blog-post,learn,seo-acquisition,Get started,https://dashboard.algolia.com/users/sign_up,true
https://www.algolia.com/blog/ai/reducing-search-frustration-transforms-user-engagement,blog-post,learn,seo-acquisition,Get started,https://dashboard.algolia.com/users/sign_up,true
https://www.algolia.com/blog/ai/remedying-bias-in-ai-development,blog-post,learn,seo-acquisition,Get started,https://dashboard.algolia.com/users/sign_up,true
https://www.algolia.com/blog/ai/squeezing-search-relevance-out-of-everything,blog-post,learn,seo-acquisition,Get started,https://dashboard.algolia.com/users/sign_up,true
https://www.algolia.com/blog/ai/teaching-ai-to-configure-search-an-experiment-in-automating-algolia-relevance,blog-post,learn,seo-acquisition,Get started,https://dashboard.algolia.com/users/sign_up,true
https://www.algolia.com/blog/ai/the-anatomy-of-high-performance-recommender-systems-part-3,blog-post,learn,seo-acquisition,Get started,https://dashboard.algolia.com/users/sign_up,true
https://www.algolia.com/blog/ai/the-anatomy-of-high-performance-recommender-systems-part-1,blog-post,learn,seo-acquisition,Get started,https://dashboard.algolia.com/users/sign_up,true
https://www.algolia.com/blog/ai/the-7-dysfunctions-of-personalization-engines,blog-post,learn,seo-acquisition,Get started,https://dashboard.algolia.com/users/sign_up,true
https://www.algolia.com/blog/ai/the-anatomy-of-high-performance-recommender-systems-part-2,blog-post,learn,seo-acquisition,Get started,https://dashboard.algolia.com/users/sign_up,true
https://www.algolia.com/blog/ai/the-anatomy-of-high-performance-recommender-systems-part-4,blog-post,learn,seo-acquisition,Get started,https://dashboard.algolia.com/users/sign_up,true
https://www.algolia.com/blog/ai/the-anatomy-of-high-performance-recommender-systems-part-iv,blog-post,learn,seo-acquisition,Get started,https://dashboard.algolia.com/users/sign_up,true
https://www.algolia.com/blog/ai/the-definitive-guide-to-semantic-search-engines,blog-post,learn,seo-acquisition,Get started,https://dashboard.algolia.com/users/sign_up,true
https://www.algolia.com/blog/ai/the-lawyer-of-tomorrow,blog-post,learn,seo-acquisition,Get started,https://dashboard.algolia.com/users/sign_up,true
https://www.algolia.com/blog/ai/the-past-present-and-future-of-semantic-search,blog-post,learn,seo-acquisition,Get started,https://dashboard.algolia.com/users/sign_up,true
https://www.algolia.com/blog/ai/the-anatomy-of-high-performance-recommender-systems-part-v,blog-post,learn,seo-acquisition,get started here,https://www.algolia.com/products/recommendations/,true
https://www.algolia.com/blog/ai/the-fellowship-of-ai,blog-post,learn,seo-acquisition,Get started,https://dashboard.algolia.com/users/sign_up,true
https://www.algolia.com/blog/ai/vectors-vs-hashes,blog-post,learn,seo-acquisition,Get started,https://dashboard.algolia.com/users/sign_up,true
https://www.algolia.com/blog/ai/using-ai-to-deliver-smarter-search,blog-post,learn,seo-acquisition,Get started,https://dashboard.algolia.com/users/sign_up,true
https://www.algolia.com/blog/ai/uncover-the-right-llm-for-your-use-case,blog-post,learn,seo-acquisition,Get started,https://dashboard.algolia.com/users/sign_up,true
https://www.algolia.com/blog/ai/using-algolia-as-a-vector-database-as-a-service,blog-post,learn,seo-acquisition,Get started,https://dashboard.algolia.com/users/sign_up,true
https://www.algolia.com/blog/ai/the-pros-and-cons-of-ai-language-models,blog-post,learn,seo-acquisition,Get started,https://dashboard.algolia.com/users/sign_up,true
https://www.algolia.com/blog/ai/vector-vs-keyword-search-why-you-should-care,blog-post,learn,seo-acquisition,Get started,https://dashboard.algolia.com/users/sign_up,true
https://www.algolia.com/blog/ai/using-pre-trained-ai-algorithms-to-solve-the-cold-start-problem,blog-post,learn,seo-acquisition,Get started,https://dashboard.algolia.com/users/sign_up,true
https://www.algolia.com/blog/ai/the-ultimate-guide-on-prompt-injection-algolia,blog-post,learn,seo-acquisition,Get started,https://dashboard.algolia.com/users/sign_up,true
https://www.algolia.com/blog/ai/this-is-how-ai-powers-content-recommendation,blog-post,learn,seo-acquisition,Get started,https://dashboard.algolia.com/users/sign_up,true
https://www.algolia.com/blog/ai/what-are-ai-chatbots-how-do-they-work-and-how-have-they-impacted-ecommerce,blog-post,learn,seo-acquisition,request a demo,https://www.algolia.com/demorequest/,true
https://www.algolia.com/blog/ai/visual-shopping-visual-discovery-how-image-search-is-changing-online-shopping,blog-post,learn,seo-acquisition,Get started,https://dashboard.algolia.com/users/sign_up,true
https://www.algolia.com/blog/ai/what-are-vectors-and-how-do-they-apply-to-machine-learning,blog-post,learn,seo-acquisition,Get started,https://dashboard.algolia.com/users/sign_up,true
https://www.algolia.com/blog/ai/what-are-large-language-models,blog-post,learn,seo-acquisition,Get started,https://dashboard.algolia.com/users/sign_up,true
https://www.algolia.com/blog/ai/what-does-it-take-to-build-and-train-a-large-language-model-an-introduction,blog-post,learn,seo-acquisition,Get started,https://dashboard.algolia.com/users/sign_up,true
https://www.algolia.com/blog/ai/what-is-a-neural-network-and-how-many-types-are-there,blog-post,learn,seo-acquisition,Get started,https://dashboard.algolia.com/users/sign_up,true
https://www.algolia.com/blog/ai/what-is-ai-powered-site-search,blog-post,learn,seo-acquisition,Get started,https://dashboard.algolia.com/users/sign_up,true
https://www.algolia.com/blog/ai/what-is-cognitive-search-and-what-could-it-mean-for-your-business,blog-post,learn,seo-acquisition,Get started,https://dashboard.algolia.com/users/sign_up,true
https://www.algolia.com/blog/ai/what-is-concept-search,blog-post,learn,seo-acquisition,Get started,https://dashboard.algolia.com/users/sign_up,true
https://www.algolia.com/blog/ai/what-is-clustering,blog-post,learn,seo-acquisition,Get started,https://dashboard.algolia.com/users/sign_up,true
https://www.algolia.com/blog/ai/what-is-conversational-ai-and-how-does-it-work,blog-post,learn,seo-acquisition,Get started,https://dashboard.algolia.com/users/sign_up,true
https://www.algolia.com/blog/ai/what-is-ai-search-ranking,blog-post,learn,seo-acquisition,Get started,https://dashboard.algolia.com/users/sign_up,true
https://www.algolia.com/blog/ai/what-is-explainable-ai-and-why-is-transparency-so-important-for-machine-learning-solutions,blog-post,learn,seo-acquisition,Get started,https://dashboard.algolia.com/users/sign_up,true
https://www.algolia.com/blog/ai/what-is-end-to-end-ai-search,blog-post,learn,seo-acquisition,Get started,https://dashboard.algolia.com/users/sign_up,true
https://www.algolia.com/blog/ai/what-is-neural-search-and-how-does-it-work,blog-post,learn,seo-acquisition,Get started,https://dashboard.algolia.com/users/sign_up,true
https://www.algolia.com/blog/ai/what-is-generative-ai-and-how-does-it-work,blog-post,learn,seo-acquisition,Get started,https://dashboard.algolia.com/users/sign_up,true
https://www.algolia.com/blog/ai/what-is-hashing-and-how-does-it-improve-website-and-app-search,blog-post,learn,seo-acquisition,Get started,https://dashboard.algolia.com/users/sign_up,true
https://www.algolia.com/blog/ai/what-is-vector-search,blog-post,learn,seo-acquisition,Get started,https://dashboard.algolia.com/users/sign_up,true
https://www.algolia.com/blog/ai/whats-a-convolutional-neural-network-and-how-is-it-used-for-image-recognition-in-search,blog-post,learn,seo-acquisition,Get started,https://dashboard.algolia.com/users/sign_up,true
https://www.algolia.com/blog/ai/what-role-does-ai-play-in-recommendation-systems-and-engines,blog-post,learn,seo-acquisition,Get started,https://dashboard.algolia.com/users/sign_up,true
https://www.algolia.com/blog/ai/when-should-you-start-considering-an-ai-search-solution,blog-post,learn,seo-acquisition,Get started,https://dashboard.algolia.com/users/sign_up,true
https://www.algolia.com/blog/ai/why-chatgpt-wont-replace-search-engines-any-time-soon,blog-post,learn,seo-acquisition,Get started,https://dashboard.algolia.com/users/sign_up,true
https://www.algolia.com/blog/ai/why-is-conscious-friction-in-ai-important,blog-post,learn,seo-acquisition,Get started,https://dashboard.algolia.com/users/sign_up,true
https://www.algolia.com/blog/algolia/ai-from-possibilities-to-production,blog-post,learn,seo-acquisition,Get started,https://dashboard.algolia.com/users/sign_up,true
https://www.algolia.com/blog/algolia/10-stats-that-show-why-algolia-is-the-leader-in-search,blog-post,learn,seo-acquisition,Get started,https://dashboard.algolia.com/users/sign_up,true
https://www.algolia.com/blog/algolia/10-influencers-that-developers-should-be-following,blog-post,learn,seo-acquisition,Get started,https://dashboard.algolia.com/users/sign_up,true
https://www.algolia.com/blog/algolia/10-songs-on-our-algolia-search-and-discovery-playlist,blog-post,learn,seo-acquisition,Get started,https://dashboard.algolia.com/users/sign_up,true
https://www.algolia.com/blog/algolia/a-checklist-for-evaluating-a-search-solution-in-2024,blog-post,learn,seo-acquisition,Get started,https://dashboard.algolia.com/users/sign_up,true
https://www.algolia.com/blog/ai/you-had-me-at-first-click-aem,blog-post,learn,seo-acquisition,Get started,https://dashboard.algolia.com/users/sign_up,true
https://www.algolia.com/blog/algolia/2025-gartner-magic-quadrant-for-search-and-product-discovery,blog-post,learn,seo-acquisition,Get started,https://dashboard.algolia.com/users/sign_up,true
https://www.algolia.com/blog/ai/you-had-me-at-first-click-aem-1,blog-post,learn,seo-acquisition,Get started,https://dashboard.algolia.com/users/sign_up,true
https://www.algolia.com/blog/algolia,blog-post,learn,seo-acquisition,Get started,https://dashboard.algolia.com/users/sign_up,true
https://www.algolia.com/blog/algolia/advice-to-women-in-tech-from-algolias-female-leaders-part-2,blog-post,learn,seo-acquisition,Get started,https://dashboard.algolia.com/users/sign_up,true
https://www.algolia.com/blog/algolia/add-angular-search-to-your-website-your-website,blog-post,learn,seo-acquisition,Get started,https://dashboard.algolia.com/users/sign_up,true
https://www.algolia.com/blog/algolia/algolia-announced-leader-on-enterprise-search-software,blog-post,learn,seo-acquisition,Get started,https://dashboard.algolia.com/users/sign_up,true
https://www.algolia.com/blog/algolia/algolia-microsoft,blog-post,learn,seo-acquisition,Get started,https://dashboard.algolia.com/users/sign_up,true
https://www.algolia.com/blog/algolia/algolia-s-10-predictions-on-search-discovery-and-retail,blog-post,learn,seo-acquisition,Get started,https://dashboard.algolia.com/users/sign_up,true
https://www.algolia.com/blog/algolia/algolia-ai-guidelines-for-candidates,blog-post,learn,seo-acquisition,Get started,https://dashboard.algolia.com/users/sign_up,true
https://www.algolia.com/blog/algolia/algolia-x-etail-a-busy-few-days-in-boston,blog-post,learn,seo-acquisition,Request a demo,https://www.algolia.com/demorequest/,true
https://www.algolia.com/blog/algolia/algolia-pricing-explained,blog-post,learn,seo-acquisition,Get a demo,https://www.algolia.com/demorequest,true
https://www.algolia.com/blog/algolia/algolia-x-shoptalk-what-happens-in-vegas-doesn-t-have-to-stay-there,blog-post,learn,seo-acquisition,Get started,https://dashboard.algolia.com/users/sign_up,true
https://www.algolia.com/blog/algolia/algolias-next-wave-of-growth,blog-post,learn,seo-acquisition,Get started,https://dashboard.algolia.com/users/sign_up,true
https://www.algolia.com/blog/algolia/algolia-leaders-women-in-tech,blog-post,learn,seo-acquisition,Get started,https://dashboard.algolia.com/users/sign_up,true
https://www.algolia.com/blog/algolia/algolia-funding-news-2021,blog-post,learn,seo-acquisition,Get started,https://dashboard.algolia.com/users/sign_up,true
https://www.algolia.com/blog/algolia/be-the-change-you-want-to-see,blog-post,learn,seo-acquisition,Get started,https://dashboard.algolia.com/users/sign_up,true
https://www.algolia.com/blog/algolia/best-elasticsearch-alternatives-in-2025-for-your-use-case,blog-post,learn,seo-acquisition,Get started,https://dashboard.algolia.com/users/sign_up,true
https://www.algolia.com/blog/algolia/beyond-the-search-box-how-digital-shopping-got-smarter-with-an-api-first-approach,blog-post,learn,seo-acquisition,Get started,https://dashboard.algolia.com/users/sign_up,true
https://www.algolia.com/blog/algolia/black-friday-cyber-monday-2025-peak-demand-perfect-performance,blog-post,learn,seo-acquisition,Get started,https://dashboard.algolia.com/users/sign_up,true
https://www.algolia.com/blog/algolia/how-to-create-an-easy-search-experience-for-your-mobile-app,blog-post,learn,seo-acquisition,Get started,https://dashboard.algolia.com/users/sign_up,true
https://www.algolia.com/blog/algolia/ecommerce-personalization-benefits-challenges-and-how-to-implement,blog-post,learn,seo-acquisition,Get started,https://dashboard.algolia.com/users/sign_up,true
https://www.algolia.com/blog/algolia/five-practical-insights-from-the-front-lines-of-algolia-support,blog-post,learn,seo-acquisition,Get started,https://dashboard.algolia.com/users/sign_up,true
https://www.algolia.com/blog/algolia/github-student-developer-pack,blog-post,learn,seo-acquisition,Get started,https://dashboard.algolia.com/users/sign_up,true
https://www.algolia.com/blog/algolia/forrester-tei-study,blog-post,learn,seo-acquisition,Get started,https://dashboard.algolia.com/users/sign_up,true
https://www.algolia.com/blog/algolia/how-searchandising-can-help-your-business,blog-post,learn,seo-acquisition,Get started,https://dashboard.algolia.com/users/sign_up,true
https://www.algolia.com/blog/algolia/from-values-to-action-when-the-team-drives-social-impact,blog-post,learn,seo-acquisition,Get started,https://dashboard.algolia.com/users/sign_up,true
https://www.algolia.com/blog/algolia/catch-up-on-algolia-devcon-2023,blog-post,learn,seo-acquisition,Get started,https://dashboard.algolia.com/users/sign_up,true
https://www.algolia.com/blog/algolia/gartner-magic-quadrant-for-search-and-product-discovery,blog-post,learn,seo-acquisition,Get started,https://dashboard.algolia.com/users/sign_up,true
https://www.algolia.com/blog/algolia/empowering-change-algolias-global-giving-days-impact-report,blog-post,learn,seo-acquisition,Get started,https://dashboard.algolia.com/users/sign_up,true
https://www.algolia.com/blog/algolia/i-co-founded-the-ai-company-that-joined-algolia,blog-post,learn,seo-acquisition,Get started,https://dashboard.algolia.com/users/sign_up,true
https://www.algolia.com/blog/algolia/img-recs-api,blog-post,learn,seo-acquisition,Get started,https://dashboard.algolia.com/users/sign_up,true
https://www.algolia.com/blog/algolia/query-suggestion-ux-like-googles,blog-post,learn,seo-acquisition,Get started,https://dashboard.algolia.com/users/sign_up,true
https://www.algolia.com/blog/algolia/mothers-day-how-ai-can-help-you-show-the-ultimate-appreciation,blog-post,learn,seo-acquisition,Get started,https://dashboard.algolia.com/users/sign_up,true
https://www.algolia.com/blog/algolia/post-exit-year-in-review,blog-post,learn,seo-acquisition,Get started,https://dashboard.algolia.com/users/sign_up,true
https://www.algolia.com/blog/algolia/make-more-of-your-search-dollars-with-algolia-we-ll-show-you-how-at-nrf,blog-post,learn,seo-acquisition,Get started,https://dashboard.algolia.com/users/sign_up,true
https://www.algolia.com/blog/algolia/ready-to-4x-your-product-discovery-metrics-through-digital-transformation-algolias-digital-experts-series-webinar,blog-post,learn,seo-acquisition,Get started,https://dashboard.algolia.com/users/sign_up,true
https://www.algolia.com/blog/algolia/personalization-survey,blog-post,learn,seo-acquisition,Get started,https://dashboard.algolia.com/users/sign_up,true
https://www.algolia.com/blog/algolia/migrating-from-angular-instantsearch,blog-post,learn,seo-acquisition,Get started,https://dashboard.algolia.com/users/sign_up,true
https://www.algolia.com/blog/algolia/navigating-the-eu-ai-act-with-algolia-ai-search,blog-post,learn,seo-acquisition,Get started,https://dashboard.algolia.com/users/sign_up,true
https://www.algolia.com/blog/algolia/its-a-wrap-the-algolia-devcon-2022-recap,blog-post,learn,seo-acquisition,Get started,https://dashboard.algolia.com/users/sign_up,true
https://www.algolia.com/blog/algolia/removing-roadblocks-a-closer-look-at-the-three-biggest-barriers-to-relevant-personalized-ai-powered-search,blog-post,learn,seo-acquisition,Get started,https://dashboard.algolia.com/users/sign_up,true
https://www.algolia.com/blog/algolia/introducing-algolias-most-customer-friendly-pricing,blog-post,learn,seo-acquisition,Get started,https://dashboard.algolia.com/users/sign_up,true
https://www.algolia.com/blog/algolia/increased-revenue-for-merchants-algolia-is-now-a-shopify-plus-certified-partner,blog-post,learn,seo-acquisition,Get started,https://dashboard.algolia.com/users/sign_up,true
https://www.algolia.com/blog/algolia/saying-goodbye-to-our-discourse-forums-and-what-comes-next,blog-post,learn,seo-acquisition,Get started,https://dashboard.algolia.com/users/sign_up,true
https://www.algolia.com/blog/algolia/search-in-the-composable-era,blog-post,learn,seo-acquisition,Get started,https://dashboard.algolia.com/users/sign_up,true
https://www.algolia.com/blog/algolia/search-trends-a-time-of-global-disruption,blog-post,learn,seo-acquisition,Get started,https://dashboard.algolia.com/users/sign_up,true
https://www.algolia.com/blog/algolia/shoptalk-europe-2026-ai-discovery-and-the-future-of-retail,blog-post,learn,seo-acquisition,Get started,https://dashboard.algolia.com/users/sign_up,true
https://www.algolia.com/blog/algolia/site-search-software,blog-post,learn,seo-acquisition,get started with a demo,https://www.algolia.com/demorequest-10,true
https://www.algolia.com/blog/algolia/sunsetting-salesforce-b2c-commerce-cartridge-gen-1,blog-post,learn,seo-acquisition,Get started,https://dashboard.algolia.com/users/sign_up,true
https://www.algolia.com/blog/algolia/spain-won-the-world-cup-and-search,blog-post,learn,seo-acquisition,Get started,https://dashboard.algolia.com/users/sign_up,true
https://www.algolia.com/blog/algolia/supply-chain-risk-report,blog-post,learn,seo-acquisition,Get started,https://dashboard.algolia.com/users/sign_up,true
https://www.algolia.com/blog/algolia/the-celebration-organization-why-celebrating-achievement-matters,blog-post,learn,seo-acquisition,Get started,https://dashboard.algolia.com/users/sign_up,true
https://www.algolia.com/blog/algolia/the-inside-track-with-algolia-ceo-bernadette-nixon,blog-post,learn,seo-acquisition,Get started,https://dashboard.algolia.com/users/sign_up,true
https://www.algolia.com/blog/algolia/the-future-of-ai-search-bernadette-nixon-on-bbc-talking-business,blog-post,learn,seo-acquisition,Get started,https://dashboard.algolia.com/users/sign_up,true
https://www.algolia.com/blog/algolia/takeaways-shoptalk-adobe-summit,blog-post,learn,seo-acquisition,Get started,https://dashboard.algolia.com/users/sign_up,true
https://www.algolia.com/blog/algolia/understanding-algolia-s-placement-as-a-leader-in-the-gartner-magic-quadrant-for-search-and-product-discovery,blog-post,learn,seo-acquisition,Get started,https://dashboard.algolia.com/users/sign_up,true
https://www.algolia.com/blog/algolia/the-who-what-where-when-and-whys-of-developer-relations,blog-post,learn,seo-acquisition,Get started,https://dashboard.algolia.com/users/sign_up,true
https://www.algolia.com/blog/algolia/the-search-revolution-is-here,blog-post,learn,seo-acquisition,Get started,https://dashboard.algolia.com/users/sign_up,true
https://www.algolia.com/blog/algolia/understanding-algolia-s-placement-as-a-leader-in-the-gartner-magic-quadrant-for-search-and-product-discovery-1,blog-post,learn,seo-acquisition,Get started,https://dashboard.algolia.com/users/sign_up,true
https://www.algolia.com/blog/algolia/vibe-coding,blog-post,learn,seo-acquisition,Get started,https://dashboard.algolia.com/users/sign_up,true
https://www.algolia.com/blog/algolia/we-are-expanding-our-infrastructure-to-the-uk,blog-post,learn,seo-acquisition,Get started,https://dashboard.algolia.com/users/sign_up,true
https://www.algolia.com/blog/algolia/updated-terms,blog-post,learn,seo-acquisition,Get started,https://dashboard.algolia.com/users/sign_up,true
https://www.algolia.com/blog/algolia/unveiling-the-future-algolia-s-ai-revolution-at-nrf-retail-big-show,blog-post,learn,seo-acquisition,Get started,https://dashboard.algolia.com/users/sign_up,true
https://www.algolia.com/blog/algolia/what-to-expect-from-algolia-at-nrf-2023-retail-s-big-show,blog-post,learn,seo-acquisition,Get started,https://dashboard.algolia.com/users/sign_up,true
https://www.algolia.com/blog/algolia/zero-to-storefront-minutes,blog-post,learn,seo-acquisition,Get started,https://dashboard.algolia.com/users/sign_up,true
https://www.algolia.com/blog/algolia/why-algolia-was-named-a-leader-in-the-gartner-magic-quadrant-report,blog-post,learn,seo-acquisition,Get started,https://dashboard.algolia.com/users/sign_up,true
https://www.algolia.com/blog/author-directory/aayush-iyer,blog-post,learn,seo-acquisition,Get started,https://dashboard.algolia.com/users/sign_up,true
https://www.algolia.com/blog/author-directory/abhijit-mehta,blog-post,learn,seo-acquisition,Get started,https://dashboard.algolia.com/users/sign_up,true
https://www.algolia.com/blog/author-directory/adam-duvander,blog-post,learn,seo-acquisition,Get started,https://dashboard.algolia.com/users/sign_up,true
https://www.algolia.com/blog/author-directory/adrien-joly,blog-post,learn,seo-acquisition,Get started,https://dashboard.algolia.com/users/sign_up,true
https://www.algolia.com/blog/author-directory/aleksei-badianov,blog-post,learn,seo-acquisition,Get started,https://dashboard.algolia.com/users/sign_up,true
https://www.algolia.com/blog/author-directory/adanech-getachew,blog-post,learn,seo-acquisition,Get started,https://dashboard.algolia.com/users/sign_up,true
https://www.algolia.com/blog/author-directory/adam-smith,blog-post,learn,seo-acquisition,Get started,https://dashboard.algolia.com/users/sign_up,true
https://www.algolia.com/blog/author-directory/alex-luscombe,blog-post,learn,seo-acquisition,Get started,https://dashboard.algolia.com/users/sign_up,true
https://www.algolia.com/blog/author-directory/adam-surak,blog-post,learn,seo-acquisition,Get started,https://dashboard.algolia.com/users/sign_up,true
https://www.algolia.com/blog/author-directory/adrian-bridgwater,blog-post,learn,seo-acquisition,Get started,https://dashboard.algolia.com/users/sign_up,true
https://www.algolia.com/blog/author-directory/alex-patterson,blog-post,learn,seo-acquisition,Get started,https://dashboard.algolia.com/users/sign_up,true
https://www.algolia.com/blog/author-directory/alex-webb,blog-post,learn,seo-acquisition,Get started,https://dashboard.algolia.com/users/sign_up,true
https://www.algolia.com/blog/author-directory/alexandre-collin,blog-post,learn,seo-acquisition,Get started,https://dashboard.algolia.com/users/sign_up,true
https://www.algolia.com/blog/author-directory/alexandra-anghel,blog-post,learn,seo-acquisition,Get started,https://dashboard.algolia.com/users/sign_up,true
https://www.algolia.com/blog/author-directory/alexandre-meunier,blog-post,learn,seo-acquisition,Get started,https://dashboard.algolia.com/users/sign_up,true
https://www.algolia.com/blog/author-directory/alexandre-stanislawski,blog-post,learn,seo-acquisition,Get started,https://dashboard.algolia.com/users/sign_up,true
https://www.algolia.com/blog/author-directory/allie-allegra,blog-post,learn,seo-acquisition,Get started,https://dashboard.algolia.com/users/sign_up,true
https://www.algolia.com/blog/author-directory/alita-leite-da-silva,blog-post,learn,seo-acquisition,Get started,https://dashboard.algolia.com/users/sign_up,true
https://www.algolia.com/blog/author-directory/alexis-monks,blog-post,learn,seo-acquisition,Get started,https://dashboard.algolia.com/users/sign_up,true
https://www.algolia.com/blog/author-directory/amy-ciba,blog-post,learn,seo-acquisition,Get started,https://dashboard.algolia.com/users/sign_up,true
https://www.algolia.com/blog/author-directory/arijit-chowdhury,blog-post,learn,seo-acquisition,Get started,https://dashboard.algolia.com/users/sign_up,true
https://www.algolia.com/blog/author-directory/andy-jones,blog-post,learn,seo-acquisition,Get started,https://dashboard.algolia.com/users/sign_up,true
https://www.algolia.com/blog/author-directory/anthony-seure,blog-post,learn,seo-acquisition,Get started,https://dashboard.algolia.com/users/sign_up,true
https://www.algolia.com/blog/author-directory/antoine-hemery,blog-post,learn,seo-acquisition,Get started,https://dashboard.algolia.com/users/sign_up,true
https://www.algolia.com/blog/author-directory/andrea-cookson,blog-post,learn,seo-acquisition,Get started,https://dashboard.algolia.com/users/sign_up,true
https://www.algolia.com/blog/author-directory/ashley-huynh,blog-post,learn,seo-acquisition,Get started,https://dashboard.algolia.com/users/sign_up,true
https://www.algolia.com/blog/author-directory/ashley-stirrup,blog-post,learn,seo-acquisition,Get started,https://dashboard.algolia.com/users/sign_up,true
https://www.algolia.com/blog/author-directory/catherine-dee,blog-post,learn,seo-acquisition,Get started,https://dashboard.algolia.com/users/sign_up,true
https://www.algolia.com/blog/author-directory/charly-poly,blog-post,learn,seo-acquisition,Get started,https://dashboard.algolia.com/users/sign_up,true
https://www.algolia.com/blog/author-directory/bryan-robinson,blog-post,learn,seo-acquisition,Get started,https://dashboard.algolia.com/users/sign_up,true
https://www.algolia.com/blog/author-directory/benjamin-baron,blog-post,learn,seo-acquisition,Get started,https://dashboard.algolia.com/users/sign_up,true
https://www.algolia.com/blog/author-directory/benoit-perrot,blog-post,learn,seo-acquisition,Get started,https://dashboard.algolia.com/users/sign_up,true
https://www.algolia.com/blog/author-directory/bharat-guruprakash,blog-post,learn,seo-acquisition,Get started,https://dashboard.algolia.com/users/sign_up,true
https://www.algolia.com/blog/author-directory/brendan-cleary,blog-post,learn,seo-acquisition,Get started,https://dashboard.algolia.com/users/sign_up,true
https://www.algolia.com/blog/author-directory/bram-adams,blog-post,learn,seo-acquisition,Get started,https://dashboard.algolia.com/users/sign_up,true
https://www.algolia.com/blog/author-directory/bernadette-nixon,blog-post,learn,seo-acquisition,Get started,https://dashboard.algolia.com/users/sign_up,true
https://www.algolia.com/blog/author-directory/ben-greenbank,blog-post,learn,seo-acquisition,Get started,https://dashboard.algolia.com/users/sign_up,true
https://www.algolia.com/blog/author-directory/ben-lower,blog-post,learn,seo-acquisition,Get started,https://dashboard.algolia.com/users/sign_up,true
https://www.algolia.com/blog/author-directory/chris-stevenson,blog-post,learn,seo-acquisition,Get started,https://dashboard.algolia.com/users/sign_up,true
https://www.algolia.com/blog/author-directory/chip-lewis,blog-post,learn,seo-acquisition,Get started,https://dashboard.algolia.com/users/sign_up,true
https://www.algolia.com/blog/author-directory/christopher-hawke,blog-post,learn,seo-acquisition,Get started,https://dashboard.algolia.com/users/sign_up,true
https://www.algolia.com/blog/author-directory/debanshi-bheda,blog-post,learn,seo-acquisition,Get started,https://dashboard.algolia.com/users/sign_up,true
https://www.algolia.com/blog/author-directory/ciprian-borodescu,blog-post,learn,seo-acquisition,Get started,https://dashboard.algolia.com/users/sign_up,true
https://www.algolia.com/blog/author-directory/david-bacon,blog-post,learn,seo-acquisition,Get started,https://dashboard.algolia.com/users/sign_up,true
https://www.algolia.com/blog/author-directory/claudia-rodriguez-schroeder,blog-post,learn,seo-acquisition,Get started,https://dashboard.algolia.com/users/sign_up,true
https://www.algolia.com/blog/author-directory/cl-ment-sauvage,blog-post,learn,seo-acquisition,Get started,https://dashboard.algolia.com/users/sign_up,true
https://www.algolia.com/blog/author-directory/dave-kiss,blog-post,learn,seo-acquisition,Get started,https://dashboard.algolia.com/users/sign_up,true
https://www.algolia.com/blog/author-directory/cl-ment-denoix,blog-post,learn,seo-acquisition,Get started,https://dashboard.algolia.com/users/sign_up,true
https://www.algolia.com/blog/author-directory/craig-williams,blog-post,learn,seo-acquisition,Get started,https://dashboard.algolia.com/users/sign_up,true
https://www.algolia.com/blog/author-directory/david-howden,blog-post,learn,seo-acquisition,Get started,https://dashboard.algolia.com/users/sign_up,true
https://www.algolia.com/blog/author-directory/dustin-coates,blog-post,learn,seo-acquisition,Get started,https://dashboard.algolia.com/users/sign_up,true
https://www.algolia.com/blog/author-directory/denis-petit,blog-post,learn,seo-acquisition,Get started,https://dashboard.algolia.com/users/sign_up,true
https://www.algolia.com/blog/author-directory/eiji-shinohara,blog-post,learn,seo-acquisition,Get started,https://dashboard.algolia.com/users/sign_up,true
https://www.algolia.com/blog/author-directory/elliott-gluck,blog-post,learn,seo-acquisition,Get started,https://dashboard.algolia.com/users/sign_up,true
https://www.algolia.com/blog/author-directory/elena-moravec,blog-post,learn,seo-acquisition,Get started,https://dashboard.algolia.com/users/sign_up,true
https://www.algolia.com/blog/author-directory/diego-salinas-gard-n,blog-post,learn,seo-acquisition,Get started,https://dashboard.algolia.com/users/sign_up,true
https://www.algolia.com/blog/author-directory/elise-furon,blog-post,learn,seo-acquisition,Get started,https://dashboard.algolia.com/users/sign_up,true
https://www.algolia.com/blog/author-directory/emily-hayman,blog-post,learn,seo-acquisition,Get started,https://dashboard.algolia.com/users/sign_up,true
https://www.algolia.com/blog/author-directory/eran-chetzroni,blog-post,learn,seo-acquisition,Get started,https://dashboard.algolia.com/users/sign_up,true
https://www.algolia.com/blog/author-directory/emma-wilson,blog-post,learn,seo-acquisition,Get started,https://dashboard.algolia.com/users/sign_up,true
https://www.algolia.com/blog/author-directory/emmanuel-krebs,blog-post,learn,seo-acquisition,Get started,https://dashboard.algolia.com/users/sign_up,true
https://www.algolia.com/blog/author-directory/etienne-martin,blog-post,learn,seo-acquisition,Get started,https://dashboard.algolia.com/users/sign_up,true
https://www.algolia.com/blog/author-directory/eunjae-lee,blog-post,learn,seo-acquisition,Get started,https://dashboard.algolia.com/users/sign_up,true
https://www.algolia.com/blog/author-directory/everett-zufelt,blog-post,learn,seo-acquisition,Get started,https://dashboard.algolia.com/users/sign_up,true
https://www.algolia.com/blog/author-directory/haroen-viaene,blog-post,learn,seo-acquisition,Get started,https://dashboard.algolia.com/users/sign_up,true
https://www.algolia.com/blog/author-directory/fran-ois-chalifour,blog-post,learn,seo-acquisition,Get started,https://dashboard.algolia.com/users/sign_up,true
https://www.algolia.com/blog/author-directory/gianluca-bargelli,blog-post,learn,seo-acquisition,Get started,https://dashboard.algolia.com/users/sign_up,true
https://www.algolia.com/blog/author-directory/guillaume-dumortier,blog-post,learn,seo-acquisition,Get started,https://dashboard.algolia.com/users/sign_up,true
https://www.algolia.com/blog/author-directory/guillaume-truchot,blog-post,learn,seo-acquisition,Get started,https://dashboard.algolia.com/users/sign_up,true
https://www.algolia.com/blog/author-directory/hamish-ogilvy,blog-post,learn,seo-acquisition,Get started,https://dashboard.algolia.com/users/sign_up,true
https://www.algolia.com/blog/author-directory/gaifang-li,blog-post,learn,seo-acquisition,Get started,https://dashboard.algolia.com/users/sign_up,true
https://www.algolia.com/blog/author-directory/imogen-lovera,blog-post,learn,seo-acquisition,Get started,https://dashboard.algolia.com/users/sign_up,true
https://www.algolia.com/blog/author-directory/ivana-ivanovic,blog-post,learn,seo-acquisition,Get started,https://dashboard.algolia.com/users/sign_up,true
https://www.algolia.com/blog/author-directory/jack-moberger,blog-post,learn,seo-acquisition,Get started,https://dashboard.algolia.com/users/sign_up,true
https://www.algolia.com/blog/author-directory/j-choi,blog-post,learn,seo-acquisition,Get started,https://dashboard.algolia.com/users/sign_up,true
https://www.algolia.com/blog/author-directory/jakub-andrzejewski,blog-post,learn,seo-acquisition,Get started,https://dashboard.algolia.com/users/sign_up,true
https://www.algolia.com/blog/author-directory/jaden-baptista,blog-post,learn,seo-acquisition,Get started,https://dashboard.algolia.com/users/sign_up,true
https://www.algolia.com/blog/author-directory/jan-petr,blog-post,learn,seo-acquisition,Get started,https://dashboard.algolia.com/users/sign_up,true
https://www.algolia.com/blog/author-directory/jason-frueh,blog-post,learn,seo-acquisition,Get started,https://dashboard.algolia.com/users/sign_up,true
https://www.algolia.com/blog/author-directory/jessica-west,blog-post,learn,seo-acquisition,Get started,https://dashboard.algolia.com/users/sign_up,true
https://www.algolia.com/blog/author-directory/jerome-schneider,blog-post,learn,seo-acquisition,Get started,https://dashboard.algolia.com/users/sign_up,true
https://www.algolia.com/blog/author-directory/john-stewart,blog-post,learn,seo-acquisition,Get started,https://dashboard.algolia.com/users/sign_up,true
https://www.algolia.com/blog/author-directory/jon-hellam,blog-post,learn,seo-acquisition,Get started,https://dashboard.algolia.com/users/sign_up,true
https://www.algolia.com/blog/author-directory/jon-silvers,blog-post,learn,seo-acquisition,Get started,https://dashboard.algolia.com/users/sign_up,true
https://www.algolia.com/blog/author-directory/jonas-badalic,blog-post,learn,seo-acquisition,Get started,https://dashboard.algolia.com/users/sign_up,true
https://www.algolia.com/blog/author-directory/josh-dzielak,blog-post,learn,seo-acquisition,Get started,https://dashboard.algolia.com/users/sign_up,true
https://www.algolia.com/blog/author-directory/joni-khattar,blog-post,learn,seo-acquisition,Get started,https://dashboard.algolia.com/users/sign_up,true
https://www.algolia.com/blog/author-directory/julia-seidman,blog-post,learn,seo-acquisition,Get started,https://dashboard.algolia.com/users/sign_up,true
https://www.algolia.com/blog/author-directory/julie-reboul,blog-post,learn,seo-acquisition,Get started,https://dashboard.algolia.com/users/sign_up,true
https://www.algolia.com/blog/author-directory/julien-bourdeau,blog-post,learn,seo-acquisition,Get started,https://dashboard.algolia.com/users/sign_up,true
https://www.algolia.com/blog/author-directory/julien-lemoine,blog-post,learn,seo-acquisition,Get started,https://dashboard.algolia.com/users/sign_up,true
https://www.algolia.com/blog/author-directory/keshia-rose,blog-post,learn,seo-acquisition,Get started,https://dashboard.algolia.com/users/sign_up,true
https://www.algolia.com/blog/author-directory/kevin-granger,blog-post,learn,seo-acquisition,Get started,https://dashboard.algolia.com/users/sign_up,true
https://www.algolia.com/blog/author-directory/khalid-elassaad,blog-post,learn,seo-acquisition,Get started,https://dashboard.algolia.com/users/sign_up,true
https://www.algolia.com/blog/author-directory/krystal-lin,blog-post,learn,seo-acquisition,Get started,https://dashboard.algolia.com/users/sign_up,true
https://www.algolia.com/blog/author-directory/kyle-fox,blog-post,learn,seo-acquisition,Get started,https://dashboard.algolia.com/users/sign_up,true
https://www.algolia.com/blog/author-directory/l-o-ercolanelli,blog-post,learn,seo-acquisition,Get started,https://dashboard.algolia.com/users/sign_up,true
https://www.algolia.com/blog/author-directory/laura-hamilton,blog-post,learn,seo-acquisition,Get started,https://dashboard.algolia.com/users/sign_up,true
https://www.algolia.com/blog/author-directory/louise-vollaire,blog-post,learn,seo-acquisition,Get started,https://dashboard.algolia.com/users/sign_up,true
https://www.algolia.com/blog/author-directory/lorna-rivera,blog-post,learn,seo-acquisition,Get started,https://dashboard.algolia.com/users/sign_up,true
https://www.algolia.com/blog/author-directory/lisa-coulouris,blog-post,learn,seo-acquisition,Get started,https://dashboard.algolia.com/users/sign_up,true
https://www.algolia.com/blog/author-directory/loise-mercier,blog-post,learn,seo-acquisition,Get started,https://dashboard.algolia.com/users/sign_up,true
https://www.algolia.com/blog/author-directory/lior-grossman,blog-post,learn,seo-acquisition,Get started,https://dashboard.algolia.com/users/sign_up,true
https://www.algolia.com/blog/author-directory/mackenzie-blake,blog-post,learn,seo-acquisition,Get started,https://dashboard.algolia.com/users/sign_up,true
https://www.algolia.com/blog/author-directory/m-ty-s-budav-ri,blog-post,learn,seo-acquisition,Get started,https://dashboard.algolia.com/users/sign_up,true
https://www.algolia.com/blog/author-directory/lucas-cerdan,blog-post,learn,seo-acquisition,Get started,https://dashboard.algolia.com/users/sign_up,true
https://www.algolia.com/blog/author-directory/lucas-bonomi,blog-post,learn,seo-acquisition,Get started,https://dashboard.algolia.com/users/sign_up,true
https://www.algolia.com/blog/author-directory/marc-von-wyl,blog-post,learn,seo-acquisition,Get started,https://dashboard.algolia.com/users/sign_up,true
https://www.algolia.com/blog/author-directory/maria-lungu,blog-post,learn,seo-acquisition,Get started,https://dashboard.algolia.com/users/sign_up,true
https://www.algolia.com/blog/author-directory/marie-auxille-denis,blog-post,learn,seo-acquisition,Get started,https://dashboard.algolia.com/users/sign_up,true
https://www.algolia.com/blog/author-directory/maria-schreiber,blog-post,learn,seo-acquisition,Get started,https://dashboard.algolia.com/users/sign_up,true
https://www.algolia.com/blog/author-directory/marie-laure-thuret,blog-post,learn,seo-acquisition,Get started,https://dashboard.algolia.com/users/sign_up,true
https://www.algolia.com/blog/author-directory/marissa-wharton,blog-post,learn,seo-acquisition,Get started,https://dashboard.algolia.com/users/sign_up,true
https://www.algolia.com/blog/author-directory/matthias-meier,blog-post,learn,seo-acquisition,Get started,https://dashboard.algolia.com/users/sign_up,true
https://www.algolia.com/blog/author-directory/matthew-bond,blog-post,learn,seo-acquisition,Get started,https://dashboard.algolia.com/users/sign_up,true
https://www.algolia.com/blog/author-directory/maxime-locqueville,blog-post,learn,seo-acquisition,Get started,https://dashboard.algolia.com/users/sign_up,true
https://www.algolia.com/blog/author-directory/micah-garside-white,blog-post,learn,seo-acquisition,Get started,https://dashboard.algolia.com/users/sign_up,true
https://www.algolia.com/blog/author-directory/matthieu-blandineau,blog-post,learn,seo-acquisition,Get started,https://dashboard.algolia.com/users/sign_up,true
https://www.algolia.com/blog/author-directory/matthieu-dumont,blog-post,learn,seo-acquisition,Get started,https://dashboard.algolia.com/users/sign_up,true
https://www.algolia.com/blog/author-directory/matthew-foyle,blog-post,learn,seo-acquisition,Get started,https://dashboard.algolia.com/users/sign_up,true
https://www.algolia.com/blog/author-directory/michael-king,blog-post,learn,seo-acquisition,Get started,https://dashboard.algolia.com/users/sign_up,true
https://www.algolia.com/blog/author-directory/michael-klein,blog-post,learn,seo-acquisition,Get started,https://dashboard.algolia.com/users/sign_up,true
https://www.algolia.com/blog/author-directory/michelle-adams,blog-post,learn,seo-acquisition,Get started,https://dashboard.algolia.com/users/sign_up,true
https://www.algolia.com/blog/author-directory/nick-vlku,blog-post,learn,seo-acquisition,Get started,https://dashboard.algolia.com/users/sign_up,true
https://www.algolia.com/blog/author-directory/nate-barad,blog-post,learn,seo-acquisition,Get started,https://dashboard.algolia.com/users/sign_up,true
https://www.algolia.com/blog/author-directory/natwar-maheshwari,blog-post,learn,seo-acquisition,Get started,https://dashboard.algolia.com/users/sign_up,true
https://www.algolia.com/blog/author-directory/michelle-cucchi,blog-post,learn,seo-acquisition,Get started,https://dashboard.algolia.com/users/sign_up,true
https://www.algolia.com/blog/author-directory/nicolas-dessaigne,blog-post,learn,seo-acquisition,Get started,https://dashboard.algolia.com/users/sign_up,true
https://www.algolia.com/blog/author-directory/nicolas-baissas,blog-post,learn,seo-acquisition,Get started,https://dashboard.algolia.com/users/sign_up,true
https://www.algolia.com/blog/author-directory/nicolas-fiorini,blog-post,learn,seo-acquisition,Get started,https://dashboard.algolia.com/users/sign_up,true
https://www.algolia.com/blog/author-directory/paul-louis-nech,blog-post,learn,seo-acquisition,Get started,https://dashboard.algolia.com/users/sign_up,true
https://www.algolia.com/blog/author-directory/pragati-basu,blog-post,learn,seo-acquisition,Get started,https://dashboard.algolia.com/users/sign_up,true
https://www.algolia.com/blog/author-directory/pierre-fournier,blog-post,learn,seo-acquisition,Get started,https://dashboard.algolia.com/users/sign_up,true
https://www.algolia.com/blog/author-directory/pauline-lafontaine,blog-post,learn,seo-acquisition,Get started,https://dashboard.algolia.com/users/sign_up,true
https://www.algolia.com/blog/author-directory/peter-nguyen,blog-post,learn,seo-acquisition,Get started,https://dashboard.algolia.com/users/sign_up,true
https://www.algolia.com/blog/author-directory/olivier-garcia,blog-post,learn,seo-acquisition,Get started,https://dashboard.algolia.com/users/sign_up,true
https://www.algolia.com/blog/author-directory/peter-villani,blog-post,learn,seo-acquisition,Get started,https://dashboard.algolia.com/users/sign_up,true
https://www.algolia.com/blog/author-directory/patrick-loomis,blog-post,learn,seo-acquisition,Get started,https://dashboard.algolia.com/users/sign_up,true
https://www.algolia.com/blog/author-directory/piyush-patel,blog-post,learn,seo-acquisition,Get started,https://dashboard.algolia.com/users/sign_up,true
https://www.algolia.com/blog/author-directory/nuno-maduro,blog-post,learn,seo-acquisition,Get started,https://dashboard.algolia.com/users/sign_up,true
https://www.algolia.com/blog/author-directory/paul-berthaux,blog-post,learn,seo-acquisition,Get started,https://dashboard.algolia.com/users/sign_up,true
https://www.algolia.com/blog/author-directory/quentin-renaud,blog-post,learn,seo-acquisition,Get started,https://dashboard.algolia.com/users/sign_up,true
https://www.algolia.com/blog/author-directory/r-my-christophe-schermesser,blog-post,learn,seo-acquisition,Get started,https://dashboard.algolia.com/users/sign_up,true
https://www.algolia.com/blog/author-directory/rachel-trott,blog-post,learn,seo-acquisition,Get started,https://dashboard.algolia.com/users/sign_up,true
https://www.algolia.com/blog/author-directory/rachel-ward,blog-post,learn,seo-acquisition,Get started,https://dashboard.algolia.com/users/sign_up,true
https://www.algolia.com/blog/author-directory/raed-chammam,blog-post,learn,seo-acquisition,Get started,https://dashboard.algolia.com/users/sign_up,true
https://www.algolia.com/blog/author-directory/ramanathan-ramakrishnamoorthy,blog-post,learn,seo-acquisition,Get started,https://dashboard.algolia.com/users/sign_up,true
https://www.algolia.com/blog/author-directory/raymond-rutjes,blog-post,learn,seo-acquisition,Get started,https://dashboard.algolia.com/users/sign_up,true
https://www.algolia.com/blog/author-directory/rasit-abay,blog-post,learn,seo-acquisition,Get started,https://dashboard.algolia.com/users/sign_up,true
https://www.algolia.com/blog/author-directory/ramanathan-ramakrishnamurthy,blog-post,learn,seo-acquisition,Get started,https://dashboard.algolia.com/users/sign_up,true
https://www.algolia.com/blog/author-directory/reshma-iyer,blog-post,learn,seo-acquisition,Get started,https://dashboard.algolia.com/users/sign_up,true
https://www.algolia.com/blog/author-directory/rod-alvarenga,blog-post,learn,seo-acquisition,Get started,https://dashboard.algolia.com/users/sign_up,true
https://www.algolia.com/blog/author-directory/sajid-momin,blog-post,learn,seo-acquisition,Get started,https://dashboard.algolia.com/users/sign_up,true
https://www.algolia.com/blog/author-directory/samuel-bodin,blog-post,learn,seo-acquisition,Get started,https://dashboard.algolia.com/users/sign_up,true
https://www.algolia.com/blog/author-directory/sean-mullaney,blog-post,learn,seo-acquisition,Get started,https://dashboard.algolia.com/users/sign_up,true
https://www.algolia.com/blog/author-directory/robert-mogos,blog-post,learn,seo-acquisition,Get started,https://dashboard.algolia.com/users/sign_up,true
https://www.algolia.com/blog/author-directory/sanjay-gupta,blog-post,learn,seo-acquisition,Get started,https://dashboard.algolia.com/users/sign_up,true
https://www.algolia.com/blog/author-directory/sarah-dayan,blog-post,learn,seo-acquisition,Get started,https://dashboard.algolia.com/users/sign_up,true
https://www.algolia.com/blog/author-directory/serdar-sandikcioglu,blog-post,learn,seo-acquisition,Get started,https://dashboard.algolia.com/users/sign_up,true
https://www.algolia.com/blog/author-directory/sergio-galvan,blog-post,learn,seo-acquisition,Get started,https://dashboard.algolia.com/users/sign_up,true
https://www.algolia.com/blog/author-directory/shane-afsar,blog-post,learn,seo-acquisition,Get started,https://dashboard.algolia.com/users/sign_up,true
https://www.algolia.com/blog/author-directory/soma-osvay,blog-post,learn,seo-acquisition,Get started,https://dashboard.algolia.com/users/sign_up,true
https://www.algolia.com/blog/author-directory/stefan-crespo,blog-post,learn,seo-acquisition,Get started,https://dashboard.algolia.com/users/sign_up,true
https://www.algolia.com/blog/author-directory/sylvain-friquet,blog-post,learn,seo-acquisition,Get started,https://dashboard.algolia.com/users/sign_up,true
https://www.algolia.com/blog/author-directory/sylvain-bellone,blog-post,learn,seo-acquisition,Get started,https://dashboard.algolia.com/users/sign_up,true
https://www.algolia.com/blog/author-directory/subrata-chakrabarti,blog-post,learn,seo-acquisition,Get started,https://dashboard.algolia.com/users/sign_up,true
https://www.algolia.com/blog/author-directory/syscily-brown,blog-post,learn,seo-acquisition,Get started,https://dashboard.algolia.com/users/sign_up,true
https://www.algolia.com/blog/author-directory/sylvain-utard,blog-post,learn,seo-acquisition,Get started,https://dashboard.algolia.com/users/sign_up,true
https://www.algolia.com/blog/author-directory/tim-jungnickel,blog-post,learn,seo-acquisition,Get started,https://dashboard.algolia.com/users/sign_up,true
https://www.algolia.com/blog/author-directory/tim-carry,blog-post,learn,seo-acquisition,Get started,https://dashboard.algolia.com/users/sign_up,true
https://www.algolia.com/blog/author-directory/taylor-johnson,blog-post,learn,seo-acquisition,Get started,https://dashboard.algolia.com/users/sign_up,true
https://www.algolia.com/blog/author-directory/tariq-khan,blog-post,learn,seo-acquisition,Get started,https://dashboard.algolia.com/users/sign_up,true
https://www.algolia.com/blog/author-directory/tanya-herman,blog-post,learn,seo-acquisition,Get started,https://dashboard.algolia.com/users/sign_up,true
https://www.algolia.com/blog/author-directory/tom-clark,blog-post,learn,seo-acquisition,Get started,https://dashboard.algolia.com/users/sign_up,true
https://www.algolia.com/blog/author-directory/valeriia-pierzinski,blog-post,learn,seo-acquisition,Get started,https://dashboard.algolia.com/users/sign_up,true
https://www.algolia.com/blog/author-directory/vincenzzo-marino,blog-post,learn,seo-acquisition,Get started,https://dashboard.algolia.com/users/sign_up,true
https://www.algolia.com/blog/author-directory/wesley-walser,blog-post,learn,seo-acquisition,Get started,https://dashboard.algolia.com/users/sign_up,true
https://www.algolia.com/blog/author-directory/vincent-caruana,blog-post,learn,seo-acquisition,Get started,https://dashboard.algolia.com/users/sign_up,true
https://www.algolia.com/blog/author-directory/xabier-ormazabal,blog-post,learn,seo-acquisition,Get started,https://dashboard.algolia.com/users/sign_up,true
https://www.algolia.com/blog/author-directory/vincent-voyer,blog-post,learn,seo-acquisition,Get started,https://dashboard.algolia.com/users/sign_up,true
https://www.algolia.com/blog/cafeyn,blog-post,learn,seo-acquisition,Get started,https://dashboard.algolia.com/users/sign_up,true
https://www.algolia.com/blog/author-directory/xavier-roche,blog-post,learn,seo-acquisition,Get started,https://dashboard.algolia.com/users/sign_up,true
https://www.algolia.com/blog/author-directory/xavier-grand,blog-post,learn,seo-acquisition,Get started,https://dashboard.algolia.com/users/sign_up,true
https://www.algolia.com/blog/ecommerce/10-ways-ai-is-transforming-ecommerce,blog-post,learn,seo-acquisition,Get started,https://dashboard.algolia.com/users/sign_up,true
https://www.algolia.com/blog/ecommerce/10-features-of-the-best-online-marketplaces,blog-post,learn,seo-acquisition,Get started,https://dashboard.algolia.com/users/sign_up,true
https://www.algolia.com/blog/ecommerce/10-tips-to-prepare-your-magento-store-for-the-holidays-algolia,blog-post,learn,seo-acquisition,Get started,https://dashboard.algolia.com/users/sign_up,true
https://www.algolia.com/blog/author-directory/zachary-nickerson,blog-post,learn,seo-acquisition,Get started,https://dashboard.algolia.com/users/sign_up,true
https://www.algolia.com/blog/ecommerce/12-tips-to-increase-ecommerce-conversion-rates,blog-post,learn,seo-acquisition,Get started,https://dashboard.algolia.com/users/sign_up,true
https://www.algolia.com/blog/ecommerce/3-strategies-for-b2b-ecommerce-growth-key-takeaways-from-b2b-online-chicago,blog-post,learn,seo-acquisition,Get started,https://dashboard.algolia.com/users/sign_up,true
https://www.algolia.com/blog/ecommerce,blog-post,learn,seo-acquisition,Get started,https://dashboard.algolia.com/users/sign_up,true
https://www.algolia.com/blog/ecommerce/15-best-practices-for-ecommerce-on-site-search,blog-post,learn,seo-acquisition,Get started,https://dashboard.algolia.com/users/sign_up,true
https://www.algolia.com/blog/ecommerce/2020-survey-site-search-kpis,blog-post,learn,seo-acquisition,Get started,https://dashboard.algolia.com/users/sign_up,true
https://www.algolia.com/blog/ecommerce/5-ways-to-raise-your-profit-with-merchandising-analytics,blog-post,learn,seo-acquisition,Get started,https://dashboard.algolia.com/users/sign_up,true
https://www.algolia.com/blog/ecommerce/3-ways-to-improve-ux-with-ai-and-personalization,blog-post,learn,seo-acquisition,Get started,https://dashboard.algolia.com/users/sign_up,true
https://www.algolia.com/blog/ecommerce/3-surprising-facts-about-customer-lifetime-value,blog-post,learn,seo-acquisition,Get started,https://dashboard.algolia.com/users/sign_up,true
https://www.algolia.com/blog/ecommerce/5-e-commerce-search-trends-you-shouldnt-ignore,blog-post,learn,seo-acquisition,Get started,https://dashboard.algolia.com/users/sign_up,true
https://www.algolia.com/blog/ecommerce/5-considerations-for-black-friday-2023-readiness,blog-post,learn,seo-acquisition,Get started,https://dashboard.algolia.com/users/sign_up,true
https://www.algolia.com/blog/ecommerce/6-secrets-of-higher-customer-satisfaction-in-ecommerce-hint-they-all-involve-ai,blog-post,learn,seo-acquisition,Get started,https://dashboard.algolia.com/users/sign_up,true
https://www.algolia.com/blog/ecommerce/ai-shopping-assistants,blog-post,learn,seo-acquisition,Request a demo,https://www.algolia.com/demorequest/,true
https://www.algolia.com/blog/ecommerce/achieving-digital-excellence-algolia-s-insights-from-the-gds-retail-digital-summit,blog-post,learn,seo-acquisition,Get started,https://dashboard.algolia.com/users/sign_up,true
https://www.algolia.com/blog/ecommerce/ai-recommendations-for-your-shopify-store,blog-post,learn,seo-acquisition,Get started,https://dashboard.algolia.com/users/sign_up,true
https://www.algolia.com/blog/ecommerce/ai-is-the-answer-to-your-fashion-crisis,blog-post,learn,seo-acquisition,Get started,https://dashboard.algolia.com/users/sign_up,true
https://www.algolia.com/blog/ecommerce/agentic-search-for-ecommerce,blog-post,learn,seo-acquisition,Get started,https://dashboard.algolia.com/users/sign_up,true
https://www.algolia.com/blog/ecommerce/8-ways-to-use-merchandising-data-to-boost-your-online-store-roi,blog-post,learn,seo-acquisition,Get started,https://dashboard.algolia.com/users/sign_up,true
https://www.algolia.com/blog/ecommerce/ai-and-personalization-grocery-survey,blog-post,learn,seo-acquisition,Get started,https://dashboard.algolia.com/users/sign_up,true
https://www.algolia.com/blog/ecommerce/advanced-search-experience-for-e-commerce,blog-post,learn,seo-acquisition,Get started,https://dashboard.algolia.com/users/sign_up,true
https://www.algolia.com/blog/ecommerce/ai-speed-and-security,blog-post,learn,seo-acquisition,Get started,https://dashboard.algolia.com/users/sign_up,true
https://www.algolia.com/blog/ecommerce/8-tips-how-to-grow-revenue-using-data-driven-search-and-discovery,blog-post,learn,seo-acquisition,Get started,https://dashboard.algolia.com/users/sign_up,true
https://www.algolia.com/blog/ecommerce/ai-understands-customers,blog-post,learn,seo-acquisition,Get started,https://dashboard.algolia.com/users/sign_up,true
https://www.algolia.com/blog/ecommerce/b2b-commerce-digital-transformation-personalization,blog-post,learn,seo-acquisition,Get started,https://dashboard.algolia.com/users/sign_up,true
https://www.algolia.com/blog/ecommerce/algolia-ai-search-salesforce-sfcc,blog-post,learn,seo-acquisition,Get started,https://dashboard.algolia.com/users/sign_up,true
https://www.algolia.com/blog/ecommerce/b2b-commerce-digital-transformation-search-filtering-sorting-and-navigation,blog-post,learn,seo-acquisition,Get started,https://dashboard.algolia.com/users/sign_up,true
https://www.algolia.com/blog/ecommerce/b2b-commerce-digital-transformation-how-to-build-a-successful-b2b-ecommerce-website-incorporating-best-industry-practices,blog-post,learn,seo-acquisition,Get started,https://dashboard.algolia.com/users/sign_up,true
https://www.algolia.com/blog/ecommerce/b2b-commerce-digital-transformation-what-are-the-essential-search-and-discovery-components-for-building-a-best-in-class-b2b-ecommerce-site,blog-post,learn,seo-acquisition,Get started,https://dashboard.algolia.com/users/sign_up,true
https://www.algolia.com/blog/ecommerce/algolias-search-propels-1000s-of-retailers-to-black-friday-success,blog-post,learn,seo-acquisition,Get started,https://dashboard.algolia.com/users/sign_up,true
https://www.algolia.com/blog/ecommerce/b2b-commerce-digital-transformation-merchandising-and-ai-optimizations,blog-post,learn,seo-acquisition,Get started,https://dashboard.algolia.com/users/sign_up,true
https://www.algolia.com/blog/ecommerce/algolia-s-find-as-you-type-now-available-on-magento-connect,blog-post,learn,seo-acquisition,Get started,https://dashboard.algolia.com/users/sign_up,true
https://www.algolia.com/blog/ecommerce/b2b-ecommerce-website-development-top-features-best-practices,blog-post,learn,seo-acquisition,Get started,https://dashboard.algolia.com/users/sign_up,true
https://www.algolia.com/blog/ecommerce/b2b-search-best-practices-3-ways-to-increase-the-lifetime-value-of-your-buyers,blog-post,learn,seo-acquisition,Get started,https://dashboard.algolia.com/users/sign_up,true
https://www.algolia.com/blog/ecommerce/b2b-commerce-digital-transformation-why-should-b2b-retailers-adopt-b2c-best-practices,blog-post,learn,seo-acquisition,Get started,https://dashboard.algolia.com/users/sign_up,true
https://www.algolia.com/blog/ecommerce/b2b-ecommerce-trends-and-priority-strategies-for-2023,blog-post,learn,seo-acquisition,Get started,https://dashboard.algolia.com/users/sign_up,true
https://www.algolia.com/blog/ecommerce/b2b-vs-b2c-similarities-differences-and-customer-journeys,blog-post,learn,seo-acquisition,Get started,https://dashboard.algolia.com/users/sign_up,true
https://www.algolia.com/blog/ecommerce/b2b-site-search-trends,blog-post,learn,seo-acquisition,Get started,https://dashboard.algolia.com/users/sign_up,true
https://www.algolia.com/blog/ecommerce/black-friday-site-search,blog-post,learn,seo-acquisition,Get started,https://dashboard.algolia.com/users/sign_up,true
https://www.algolia.com/blog/ecommerce/best-practices-of-conversion-focused-ecommerce-website-design,blog-post,learn,seo-acquisition,Get started,https://dashboard.algolia.com/users/sign_up,true
https://www.algolia.com/blog/ecommerce/best-marketplace-ux-practices-for-search,blog-post,learn,seo-acquisition,Get started,https://dashboard.algolia.com/users/sign_up,true
https://www.algolia.com/blog/ecommerce/benefits-of-data-driven-decision-making-how-real-time-analytics-can-identify-user-intent,blog-post,learn,seo-acquisition,Get started,https://dashboard.algolia.com/users/sign_up,true
https://www.algolia.com/blog/ecommerce/b2c-ecommerce-site-search-trends-2024,blog-post,learn,seo-acquisition,Get started,https://dashboard.algolia.com/users/sign_up,true
https://www.algolia.com/blog/ecommerce/bringing-autocomplete-synonyms-instant-results-to-magento-2,blog-post,learn,seo-acquisition,Get started,https://dashboard.algolia.com/users/sign_up,true
https://www.algolia.com/blog/ecommerce/build-vs-buy-5-key-questions-for-marketplace-tech-leads,blog-post,learn,seo-acquisition,Get started,https://dashboard.algolia.com/users/sign_up,true
https://www.algolia.com/blog/ecommerce/building-a-smarter-beauty-search,blog-post,learn,seo-acquisition,Get started,https://dashboard.algolia.com/users/sign_up,true
https://www.algolia.com/blog/ecommerce/black-friday-the-moment-retail-became-an-ai-race,blog-post,learn,seo-acquisition,Get started,https://dashboard.algolia.com/users/sign_up,true
https://www.algolia.com/blog/ecommerce/building-an-online-marketplace-get-the-secrets-of-success,blog-post,learn,seo-acquisition,Get started,https://dashboard.algolia.com/users/sign_up,true
https://www.algolia.com/blog/ecommerce/choosing-ecommerce-site-search,blog-post,learn,seo-acquisition,Get started,https://dashboard.algolia.com/users/sign_up,true
https://www.algolia.com/blog/ecommerce/building-immersive-shopping-experiences-using-algolia-search-with-adobe-experience-manager-and-any-commerce-platform,blog-post,learn,seo-acquisition,Get started,https://dashboard.algolia.com/users/sign_up,true
https://www.algolia.com/blog/ecommerce/comparing-the-best-e-commerce-search-solutions,blog-post,learn,seo-acquisition,Get started,https://dashboard.algolia.com/users/sign_up,true
https://www.algolia.com/blog/ecommerce/composable-commerce-how-to-improve-omnichannel-product-discovery-experience,blog-post,learn,seo-acquisition,Get started,https://dashboard.algolia.com/users/sign_up,true
https://www.algolia.com/blog/ecommerce/composable-commerce-how-to-integrate-your-product-catalog-into-wechat-google-home-and-alexa,blog-post,learn,seo-acquisition,Get started,https://dashboard.algolia.com/users/sign_up,true
https://www.algolia.com/blog/ecommerce/composable-commerce-how-to-build-an-in-store-product-search-kiosk-and-store-locator,blog-post,learn,seo-acquisition,Get started,https://dashboard.algolia.com/users/sign_up,true
https://www.algolia.com/blog/ecommerce/composable-commerce-how-to-select-best-of-breed-components-to-meet-your-business-needs,blog-post,learn,seo-acquisition,Get started,https://dashboard.algolia.com/users/sign_up,true
https://www.algolia.com/blog/ecommerce/create-a-digital-retail-strategy-for-the-ultimate-customer-retail-experience,blog-post,learn,seo-acquisition,Get started,https://dashboard.algolia.com/users/sign_up,true
https://www.algolia.com/blog/ecommerce/conversational-ai-in-ecommerce,blog-post,learn,seo-acquisition,"How to get started, and choosing your first conversational AI use case",https://www.algolia.com/blog/ecommerce/conversational-ai-in-ecommerce#toc-heading-6,true
https://www.algolia.com/blog/ecommerce/consumers-say-bring-on-the-pumpkin-but-would-appreciate-a-discount,blog-post,learn,seo-acquisition,Get started,https://dashboard.algolia.com/users/sign_up,true
https://www.algolia.com/blog/ecommerce/composable-commerce-optimizing-inventory-management,blog-post,learn,seo-acquisition,Get started,https://dashboard.algolia.com/users/sign_up,true
https://www.algolia.com/blog/ecommerce/customer-centric-site-search-trends,blog-post,learn,seo-acquisition,Get started,https://dashboard.algolia.com/users/sign_up,true
https://www.algolia.com/blog/ecommerce/content-personalization-why-its-critical-and-how-to-get-started,blog-post,learn,seo-acquisition,Get started,https://dashboard.algolia.com/users/sign_up,true
https://www.algolia.com/blog/ecommerce/cyber-weekend-2025-wrap-up,blog-post,learn,seo-acquisition,Get started,https://dashboard.algolia.com/users/sign_up,true
https://www.algolia.com/blog/ecommerce/decoding-the-buzz-around-phygital-hybrid-shopping-experiences,blog-post,learn,seo-acquisition,Get started,https://dashboard.algolia.com/users/sign_up,true
https://www.algolia.com/blog/ecommerce/e-commerce-search-and-kpis-statistics,blog-post,learn,seo-acquisition,Get started,https://dashboard.algolia.com/users/sign_up,true
https://www.algolia.com/blog/ecommerce/deconstructing-smart-digital-merchandising,blog-post,learn,seo-acquisition,request a demo,https://www.algolia.com/demorequest/,true
https://www.algolia.com/blog/ecommerce/customer-experience,blog-post,learn,seo-acquisition,Get started,https://dashboard.algolia.com/users/sign_up,true
https://www.algolia.com/blog/ecommerce/digital-commerce-guide,blog-post,learn,seo-acquisition,Get started,https://dashboard.algolia.com/users/sign_up,true
https://www.algolia.com/blog/ecommerce/digital-expert-series-harry-rosen,blog-post,learn,seo-acquisition,Get started,https://dashboard.algolia.com/users/sign_up,true
https://www.algolia.com/blog/ecommerce/driving-personalization-at-scale-key-highlights-from-adobe-summit-2024,blog-post,learn,seo-acquisition,Get started,https://dashboard.algolia.com/users/sign_up,true
https://www.algolia.com/blog/ecommerce/dynamic-pricing-a-potent-option-for-ecommerce,blog-post,learn,seo-acquisition,Get started,https://dashboard.algolia.com/users/sign_up,true
https://www.algolia.com/blog/ecommerce/ecommerce-business-models-and-their-growth-levers,blog-post,learn,seo-acquisition,Get started,https://dashboard.algolia.com/users/sign_up,true
https://www.algolia.com/blog/ecommerce/e-commerce-personalization-pitfalls-tradeoffs-solutions,blog-post,learn,seo-acquisition,Get started,https://dashboard.algolia.com/users/sign_up,true
https://www.algolia.com/blog/ecommerce/ecommerce-apis-guide-to-scaling-online-stores-in-2025,blog-post,learn,seo-acquisition,Get started,https://dashboard.algolia.com/users/sign_up,true
https://www.algolia.com/blog/ecommerce/ecommerce-holiday-planning,blog-post,learn,seo-acquisition,Get started,https://dashboard.algolia.com/users/sign_up,true
https://www.algolia.com/blog/ecommerce/ecommerce-personalization-platforms-a-buyers-guide,blog-post,learn,seo-acquisition,Get started with personalization,https://www.algolia.com/blog/ecommerce/ecommerce-personalization-platforms-a-buyers-guide#toc-heading-4,true
https://www.algolia.com/blog/ecommerce/ecommerce-or-marketplace-website-which-is-best-for-your-business,blog-post,learn,seo-acquisition,Get started,https://dashboard.algolia.com/users/sign_up,true
https://www.algolia.com/blog/ecommerce/ecommerce-personalization-benefits-challenges-and-how-to-implement,blog-post,learn,seo-acquisition,Get started,https://dashboard.algolia.com/users/sign_up,true
https://www.algolia.com/blog/ecommerce/ecommerce-product-listing-pages-what-they-are-and-how-to-optimize-them-for-maximum-conversion,blog-post,learn,seo-acquisition,Get started,https://dashboard.algolia.com/users/sign_up,true
https://www.algolia.com/blog/ecommerce/enhancing-customer-engagement-the-role-of-conversational-commerce,blog-post,learn,seo-acquisition,Get started,https://dashboard.algolia.com/users/sign_up,true
https://www.algolia.com/blog/ecommerce/ecommerce-search-ai-enabled-personalization,blog-post,learn,seo-acquisition,Get started,https://dashboard.algolia.com/users/sign_up,true
https://www.algolia.com/blog/ecommerce/ecommerce-search-solutions,blog-post,learn,seo-acquisition,Get started,https://dashboard.algolia.com/users/sign_up,true
https://www.algolia.com/blog/ecommerce/eight-innovative-ways-to-increase-online-pharmacy-sales-using-search,blog-post,learn,seo-acquisition,Get started,https://dashboard.algolia.com/users/sign_up,true
https://www.algolia.com/blog/ecommerce/ecommerce-trends-for-2023-personalization,blog-post,learn,seo-acquisition,Get started,https://dashboard.algolia.com/users/sign_up,true
https://www.algolia.com/blog/ecommerce/elements-of-a-good-visual-merchandising-strategy-algolia,blog-post,learn,seo-acquisition,Get started,https://dashboard.algolia.com/users/sign_up,true
https://www.algolia.com/blog/ecommerce/ecommerce-site-search-and-discovery,blog-post,learn,seo-acquisition,Get started,https://dashboard.algolia.com/users/sign_up,true
https://www.algolia.com/blog/ecommerce/ecommerce-site-search-trends-for-2023,blog-post,learn,seo-acquisition,Get started,https://dashboard.algolia.com/users/sign_up,true
https://www.algolia.com/blog/ecommerce/future-of-ecommerce-browsing,blog-post,learn,seo-acquisition,Get started,https://dashboard.algolia.com/users/sign_up,true
https://www.algolia.com/blog/ecommerce/from-aisle-to-ai-the-next-generation-of-grocery-growth,blog-post,learn,seo-acquisition,get a demo of our grocery AI capabilities,https://www.algolia.com/demorequest,true
https://www.algolia.com/blog/ecommerce/extending-adobe-edge-delivery-services-for-performant-search,blog-post,learn,seo-acquisition,Get started,https://dashboard.algolia.com/users/sign_up,true
https://www.algolia.com/blog/ecommerce/groceryshop-2025-recap,blog-post,learn,seo-acquisition,Get started,https://dashboard.algolia.com/users/sign_up,true
https://www.algolia.com/blog/ecommerce/how-ecommerce-search-engines-handle-different-types-of-queries,blog-post,learn,seo-acquisition,Get started,https://dashboard.algolia.com/users/sign_up,true
https://www.algolia.com/blog/ecommerce/how-grocers-can-deliver-agentic-shopping-experiences,blog-post,learn,seo-acquisition,Get started,https://dashboard.algolia.com/users/sign_up,true
https://www.algolia.com/blog/ecommerce/how-composable-commerce-can-boost-customer-spending-during-black-friday-and-cyber-week,blog-post,learn,seo-acquisition,Get started,https://dashboard.algolia.com/users/sign_up,true
https://www.algolia.com/blog/ecommerce/how-ai-powered-product-recommendations-increase-conversion,blog-post,learn,seo-acquisition,Get started,https://dashboard.algolia.com/users/sign_up,true
https://www.algolia.com/blog/ecommerce/how-3-retailers-are-using-ai-powered-search-and-discovery-to-crush-their-numbers,blog-post,learn,seo-acquisition,Get started,https://dashboard.algolia.com/users/sign_up,true
https://www.algolia.com/blog/ecommerce/how-dynamic-pricing-software-can-help-your-ecommerce-business-thrive,blog-post,learn,seo-acquisition,Get started,https://dashboard.algolia.com/users/sign_up,true
https://www.algolia.com/blog/ecommerce/headless-ecommerce,blog-post,learn,seo-acquisition,Get started,https://dashboard.algolia.com/users/sign_up,true
https://www.algolia.com/blog/ecommerce/how-algolia-gives-digital-fashion-its-stylist-touch,blog-post,learn,seo-acquisition,Get started,https://dashboard.algolia.com/users/sign_up,true
https://www.algolia.com/blog/ecommerce/how-ecommerce-ai-is-reshaping-business,blog-post,learn,seo-acquisition,Get started,https://dashboard.algolia.com/users/sign_up,true
https://www.algolia.com/blog/ecommerce/how-personalization-boosts-customer-engagement,blog-post,learn,seo-acquisition,Get started,https://dashboard.algolia.com/users/sign_up,true
https://www.algolia.com/blog/ecommerce/how-ai-is-transforming-merchandising-from-reactive-to-proactive,blog-post,learn,seo-acquisition,Get started,https://dashboard.algolia.com/users/sign_up,true
https://www.algolia.com/blog/ecommerce/how-retailers-can-turn-halloween-and-fall-trends-into-treats-not-tricks,blog-post,learn,seo-acquisition,Get started,https://dashboard.algolia.com/users/sign_up,true
https://www.algolia.com/blog/ecommerce/how-to-automatically-optimize-your-product-listing-pages,blog-post,learn,seo-acquisition,Get started,https://dashboard.algolia.com/users/sign_up,true
https://www.algolia.com/blog/ecommerce/how-to-design-your-merchandising-and-searchandising-stategies-for-success,blog-post,learn,seo-acquisition,Get started,https://dashboard.algolia.com/users/sign_up,true
https://www.algolia.com/blog/ecommerce/how-to-optimize-your-streaming-services-media-discovery-to-help-viewers-find-appealing-titles,blog-post,learn,seo-acquisition,Get started,https://dashboard.algolia.com/users/sign_up,true
https://www.algolia.com/blog/ecommerce/how-to-build-the-best-omnichannel-retailing-strategy-in-2022,blog-post,learn,seo-acquisition,Get started,https://dashboard.algolia.com/users/sign_up,true
https://www.algolia.com/blog/ecommerce/how-to-increase-your-ecommerce-conversion-rate-in-2024,blog-post,learn,seo-acquisition,Get started,https://dashboard.algolia.com/users/sign_up,true
https://www.algolia.com/blog/ecommerce/how-to-drive-higher-conversions-in-c2c-marketplaces,blog-post,learn,seo-acquisition,Get started,https://dashboard.algolia.com/users/sign_up,true
https://www.algolia.com/blog/ecommerce/how-to-improve-site-search-with-ab-testing,blog-post,learn,seo-acquisition,Get started,https://dashboard.algolia.com/users/sign_up,true
https://www.algolia.com/blog/ecommerce/how-to-quickly-evaluate-algolia-with-your-google-merchant-center-data,blog-post,learn,seo-acquisition,Get started,https://dashboard.algolia.com/users/sign_up,true
https://www.algolia.com/blog/ecommerce/how-to-increase-your-sales-and-roi-with-optimized-ecommerce-merchandising,blog-post,learn,seo-acquisition,Get started,https://dashboard.algolia.com/users/sign_up,true
https://www.algolia.com/blog/ecommerce/how-to-boost-ecommerce-with-social-media,blog-post,learn,seo-acquisition,![Content personalization: why it’s critical and how to get started,https://www.algolia.com/files/live/sites/algolia-assets/files/blogs/bannerimages/BP-AI-Personalization.jpg,true
https://www.algolia.com/blog/ecommerce/how-to-create-the-highest-converting-product-detail-pages-pdps,blog-post,learn,seo-acquisition,Get started,https://dashboard.algolia.com/users/sign_up,true
https://www.algolia.com/blog/ecommerce/how-to-increase-and-accelerate-consumer-demand-using-live-streaming,blog-post,learn,seo-acquisition,Get started,https://dashboard.algolia.com/users/sign_up,true
https://www.algolia.com/blog/ecommerce/how-to-thrive-or-at-least-survive-as-digital-commerce-marches-forward,blog-post,learn,seo-acquisition,Get started,https://dashboard.algolia.com/users/sign_up,true
https://www.algolia.com/blog/ecommerce/how-to-use-ai-optimization-and-personalization-to-improve-customer-loyalty-in-the-sports-industry,blog-post,learn,seo-acquisition,Get started,https://dashboard.algolia.com/users/sign_up,true
https://www.algolia.com/blog/ecommerce/in-search-of-a-record-breaking-holiday-season-5-key-insights-from-black-friday-2020,blog-post,learn,seo-acquisition,Get started,https://dashboard.algolia.com/users/sign_up,true
https://www.algolia.com/blog/ecommerce/mastering-the-channel-shift-how-leading-distributors-provide-excellent-online-buying-experiences,blog-post,learn,seo-acquisition,Get started,https://dashboard.algolia.com/users/sign_up,true
https://www.algolia.com/blog/ecommerce/how-velou-and-algolia-unlock-the-power-of-ai,blog-post,learn,seo-acquisition,Get started,https://dashboard.algolia.com/users/sign_up,true
https://www.algolia.com/blog/ecommerce/introducing-smart-groups,blog-post,learn,seo-acquisition,Get started,https://dashboard.algolia.com/users/sign_up,true
https://www.algolia.com/blog/ecommerce/improve-shopify-conversions-with-search,blog-post,learn,seo-acquisition,Get started,https://dashboard.algolia.com/users/sign_up,true
https://www.algolia.com/blog/ecommerce/how-to-use-personalization-and-recommendations-to-improve-conversions,blog-post,learn,seo-acquisition,Get started,https://dashboard.algolia.com/users/sign_up,true
https://www.algolia.com/blog/ecommerce/how-to-use-merchandising-capabilities-to-drive-customer-loyalty-in-the-sports-industry,blog-post,learn,seo-acquisition,Get started,https://dashboard.algolia.com/users/sign_up,true
https://www.algolia.com/blog/ecommerce/how-unified-product-discovery-powers-human-and-autonomous-commerce,blog-post,learn,seo-acquisition,Get started,https://dashboard.algolia.com/users/sign_up,true
https://www.algolia.com/blog/ecommerce/leveraging-advanced-search-and-discovery-with-b2b-composable-commerce,blog-post,learn,seo-acquisition,Get started,https://dashboard.algolia.com/users/sign_up,true
https://www.algolia.com/blog/ecommerce/how-to-use-search-and-browse-features-to-win-customer-loyalty-in-the-sports-industry,blog-post,learn,seo-acquisition,Get started,https://dashboard.algolia.com/users/sign_up,true
https://www.algolia.com/blog/ecommerce/machine-learning-in-ecommerce,blog-post,learn,seo-acquisition,Get started,https://dashboard.algolia.com/users/sign_up,true
https://www.algolia.com/blog/ecommerce/merchandising-in-the-ai-era,blog-post,learn,seo-acquisition,Get started,https://dashboard.algolia.com/users/sign_up,true
https://www.algolia.com/blog/ecommerce/nrf-2026,blog-post,learn,seo-acquisition,Get started,https://dashboard.algolia.com/users/sign_up,true
https://www.algolia.com/blog/ecommerce/omnichannel-vs-multichannel-whats-the-difference-and-which-is-best-for-retail-success,blog-post,learn,seo-acquisition,Get started,https://dashboard.algolia.com/users/sign_up,true
https://www.algolia.com/blog/ecommerce/nrf-2024-a-cocktail-of-inspiration-and-innovation,blog-post,learn,seo-acquisition,Get started,https://dashboard.algolia.com/users/sign_up,true
https://www.algolia.com/blog/ecommerce/personalized-merchandising-e-commerce,blog-post,learn,seo-acquisition,Get started,https://dashboard.algolia.com/users/sign_up,true
https://www.algolia.com/blog/ecommerce/merchandising-strategy-best-practices-and-tactics-to-drive-more-sales,blog-post,learn,seo-acquisition,Get started,https://dashboard.algolia.com/users/sign_up,true
https://www.algolia.com/blog/ecommerce/nrf-2023-recap-resilience-in-the-face-of-challenges,blog-post,learn,seo-acquisition,Get started,https://dashboard.algolia.com/users/sign_up,true
https://www.algolia.com/blog/ecommerce/monolithic-headless-or-composable-architecture-what-to-choose-and-why-in-1,blog-post,learn,seo-acquisition,Get started,https://dashboard.algolia.com/users/sign_up,true
https://www.algolia.com/blog/ecommerce/monolithic-headless-composable,blog-post,learn,seo-acquisition,Get started,https://dashboard.algolia.com/users/sign_up,true
https://www.algolia.com/blog/ecommerce/merchandising-strategies-that-drive-sales-and-roi,blog-post,learn,seo-acquisition,Get started,https://dashboard.algolia.com/users/sign_up,true
https://www.algolia.com/blog/ecommerce/optimize-ecommerce-site-search,blog-post,learn,seo-acquisition,Get started,https://dashboard.algolia.com/users/sign_up,true
https://www.algolia.com/blog/ecommerce/product-discovery-vs-product-search-whats-the-difference,blog-post,learn,seo-acquisition,Get started,https://dashboard.algolia.com/users/sign_up,true
https://www.algolia.com/blog/ecommerce/pwa-ecommerce-ui-starter-kit-in-react,blog-post,learn,seo-acquisition,Get started,https://dashboard.algolia.com/users/sign_up,true
https://www.algolia.com/blog/ecommerce/retail-tech-trends-agentic-ai-and-the-future-of-commerce,blog-post,learn,seo-acquisition,Get started,https://dashboard.algolia.com/users/sign_up,true
https://www.algolia.com/blog/ecommerce/retail-personalization-give-your-ecommerce-customers-the-tailored-shopping-experiences-they-expect-and-deserve,blog-post,learn,seo-acquisition,Get started,https://dashboard.algolia.com/users/sign_up,true
https://www.algolia.com/blog/ecommerce/modernizing-adobe-commerce-search-partner-blog,blog-post,learn,seo-acquisition,Get started,https://dashboard.algolia.com/users/sign_up,true
https://www.algolia.com/blog/ecommerce/search-and-discovery-and-e-commerce-trends,blog-post,learn,seo-acquisition,Get started,https://dashboard.algolia.com/users/sign_up,true
https://www.algolia.com/blog/ecommerce/retailers-sports-fashion,blog-post,learn,seo-acquisition,Get started,https://dashboard.algolia.com/users/sign_up,true
https://www.algolia.com/blog/ecommerce/rethinking-search-for-luxury-fashion,blog-post,learn,seo-acquisition,Get started,https://dashboard.algolia.com/users/sign_up,true
https://www.algolia.com/blog/ecommerce/search-autocomplete-on-mobile,blog-post,learn,seo-acquisition,Get started,https://dashboard.algolia.com/users/sign_up,true
https://www.algolia.com/blog/ecommerce/search-and-discovery-for-e-commerce-search-engines,blog-post,learn,seo-acquisition,Get started,https://dashboard.algolia.com/users/sign_up,true
https://www.algolia.com/blog/ecommerce/search-banners,blog-post,learn,seo-acquisition,Get started,https://dashboard.algolia.com/users/sign_up,true
https://www.algolia.com/blog/ecommerce/search-vs-browse-satisfying-user-intent,blog-post,learn,seo-acquisition,Get started,https://dashboard.algolia.com/users/sign_up,true
https://www.algolia.com/blog/ecommerce/setting-up-algolia-ai-search-with-the-bigcommerce-connector,blog-post,learn,seo-acquisition,Get started,https://dashboard.algolia.com/users/sign_up,true
https://www.algolia.com/blog/ecommerce/searchlight-series-ai-fashion-impact,blog-post,learn,seo-acquisition,Get started,https://dashboard.algolia.com/users/sign_up,true
https://www.algolia.com/blog/ecommerce/shopify-search-experience,blog-post,learn,seo-acquisition,Get started,https://dashboard.algolia.com/users/sign_up,true
https://www.algolia.com/blog/ecommerce/shopify-product-recommendations,blog-post,learn,seo-acquisition,Get started,https://dashboard.algolia.com/users/sign_up,true
https://www.algolia.com/blog/ecommerce/searchandising-tips-for-your-e-commerce-site,blog-post,learn,seo-acquisition,Get started,https://dashboard.algolia.com/users/sign_up,true
https://www.algolia.com/blog/ecommerce/shopify-search-merchandising-engine,blog-post,learn,seo-acquisition,Get a demo,https://www.algolia.com/demorequest,true
https://www.algolia.com/blog/ecommerce/the-guide-to-e-commerce-merchandising,blog-post,learn,seo-acquisition,Get started,https://dashboard.algolia.com/users/sign_up,true
https://www.algolia.com/blog/ecommerce/the-future-of-retail-is-hybrid-shopping-experiences-algolia,blog-post,learn,seo-acquisition,Get started,https://dashboard.algolia.com/users/sign_up,true
https://www.algolia.com/blog/ecommerce/the-future-of-b2b-is-powered-by-ai-here-s-how-to-get-started,blog-post,learn,seo-acquisition,![How to get started with Social Commerce | Algolia,https://www.algolia.com/files/live/sites/algolia-assets/files/blogs/bannerimages/how-to-boost-ecommerce-with-social-media.webp,true
https://www.algolia.com/blog/ecommerce/the-next-frontier-of-ecommerce-ai,blog-post,learn,seo-acquisition,Get started,https://dashboard.algolia.com/users/sign_up,true
https://www.algolia.com/blog/ecommerce/the-future-of-ecommerce-and-voice,blog-post,learn,seo-acquisition,Get started,https://dashboard.algolia.com/users/sign_up,true
https://www.algolia.com/blog/ecommerce/the-devil-wears-prada-effect,blog-post,learn,seo-acquisition,Get started,https://dashboard.algolia.com/users/sign_up,true
https://www.algolia.com/blog/ecommerce/the-covid-effect-how-the-pandemic-has-accelerated-retail-digital-transformation,blog-post,learn,seo-acquisition,Get started,https://dashboard.algolia.com/users/sign_up,true
https://www.algolia.com/blog/ecommerce/the-changing-face-of-digital-merchandising,blog-post,learn,seo-acquisition,Get started,https://dashboard.algolia.com/users/sign_up,true
https://www.algolia.com/blog/ecommerce/survey-ai-and-personalization-are-key-ingredients-in-grocerys-future,blog-post,learn,seo-acquisition,Get started,https://dashboard.algolia.com/users/sign_up,true
https://www.algolia.com/blog/ecommerce/site-search-vs-chatgpt-the-future-of-b2b-ecommerce-unveiled,blog-post,learn,seo-acquisition,Get started,https://dashboard.algolia.com/users/sign_up,true
https://www.algolia.com/blog/ecommerce/shoptalk-europe-omnichannel-shopping,blog-post,learn,seo-acquisition,Get started,https://dashboard.algolia.com/users/sign_up,true
https://www.algolia.com/blog/ecommerce/the-searchlight-series-piyush-patel-on-consumer-spending,blog-post,learn,seo-acquisition,Get started,https://dashboard.algolia.com/users/sign_up,true
https://www.algolia.com/blog/ecommerce/top-features-of-successful-b2b-ecommerce-websites,blog-post,learn,seo-acquisition,Request a demo,https://www.algolia.com/demorequest/,true
https://www.algolia.com/blog/ecommerce/top-strategies-for-growing-your-b2c-sales,blog-post,learn,seo-acquisition,Get started,https://dashboard.algolia.com/users/sign_up,true
https://www.algolia.com/blog/ecommerce/trending-products-the-benefits-of-showing-online-shoppers-whats-hot,blog-post,learn,seo-acquisition,Get started,https://dashboard.algolia.com/users/sign_up,true
https://www.algolia.com/blog/ecommerce/using-personalization-to-boost-ecommerce-roi-trends-facts-tips,blog-post,learn,seo-acquisition,Get started,https://dashboard.algolia.com/users/sign_up,true
https://www.algolia.com/blog/ecommerce/unwrapping-the-trends,blog-post,learn,seo-acquisition,Get started,https://dashboard.algolia.com/users/sign_up,true
https://www.algolia.com/blog/ecommerce/using-ui-kits-for-creating-great-ecommerce-search-and-discovery-experiences,blog-post,learn,seo-acquisition,Get started,https://dashboard.algolia.com/users/sign_up,true
https://www.algolia.com/blog/ecommerce/what-is-an-online-marketplace,blog-post,learn,seo-acquisition,Let’s get started,https://www.algolia.com/contactus/,true
https://www.algolia.com/blog/ecommerce/what-is-conversational-commerce-and-what-are-its-potential-impacts-on-the-ecommerce-industry,blog-post,learn,seo-acquisition,How to get started with conversational commerce,https://www.algolia.com/blog/ecommerce/what-is-conversational-commerce-and-what-are-its-potential-impacts-on-the-ecommerce-industry/#how,true
https://www.algolia.com/blog/ecommerce/what-is-b2c-ecommerce-models-examples-and-definitions,blog-post,learn,seo-acquisition,Get started,https://dashboard.algolia.com/users/sign_up,true
https://www.algolia.com/blog/ecommerce/what-is-a-multi-vendor-marketplace-and-how-to-build-one,blog-post,learn,seo-acquisition,Get started,https://dashboard.algolia.com/users/sign_up,true
https://www.algolia.com/blog/ecommerce/what-are-product-detail-pages-and-why-are-they-critical-for-ecommerce-success,blog-post,learn,seo-acquisition,request a demo,https://www.algolia.com/demorequest/,true
https://www.algolia.com/blog/ecommerce/what-do-the-best-b2b-ecommerce-platforms-have-in-common,blog-post,learn,seo-acquisition,Get started,https://dashboard.algolia.com/users/sign_up,true
https://www.algolia.com/blog/ecommerce/what-is-ecommerce-merchandising-key-components-and-best-practices,blog-post,learn,seo-acquisition,Get started,https://dashboard.algolia.com/users/sign_up,true
https://www.algolia.com/blog/ecommerce/what-is-dynamic-pricing-and-can-you-implement-an-ethical-dynamic-pricing-strategy,blog-post,learn,seo-acquisition,Get started,https://dashboard.algolia.com/users/sign_up,true
https://www.algolia.com/blog/ecommerce/what-are-marketplace-platforms-and-software,blog-post,learn,seo-acquisition,Get started,https://dashboard.algolia.com/users/sign_up,true
https://www.algolia.com/blog/ecommerce/what-is-a-b2b-marketplace,blog-post,learn,seo-acquisition,Get started,https://dashboard.algolia.com/users/sign_up,true
https://www.algolia.com/blog/ecommerce/what-is-ecommerce-the-complete-guide,blog-post,learn,seo-acquisition,Get started,https://dashboard.algolia.com/users/sign_up,true
https://www.algolia.com/blog/ecommerce/what-are-retail-analytics-and-how-can-they-inform-your-data-driven-ecommerce-merchandising-strategy,blog-post,learn,seo-acquisition,Get started,https://dashboard.algolia.com/users/sign_up,true
https://www.algolia.com/blog/ecommerce/what-is-b2b-ecommerce-everything-you-need-to-know,blog-post,learn,seo-acquisition,Get started,https://dashboard.algolia.com/users/sign_up,true
https://www.algolia.com/blog/ecommerce/what-is-online-retail-merchandising-an-introduction,blog-post,learn,seo-acquisition,Get started,https://dashboard.algolia.com/users/sign_up,true
https://www.algolia.com/blog/ecommerce/what-is-digital-product-merchandising,blog-post,learn,seo-acquisition,Get started,https://dashboard.algolia.com/users/sign_up,true
https://www.algolia.com/blog/ecommerce/what-to-look-for-in-a-b2c-ecommerce-platform,blog-post,learn,seo-acquisition,Get started,https://dashboard.algolia.com/users/sign_up,true
https://www.algolia.com/blog/ecommerce/what-s-the-secret-of-online-merchandise-management-giving-store-merchandisers-the-right-tools,blog-post,learn,seo-acquisition,Get started,https://dashboard.algolia.com/users/sign_up,true
https://www.algolia.com/blog/ecommerce/whats-the-average-ecommerce-conversion-rate-and-how-does-yours-compare,blog-post,learn,seo-acquisition,Get started,https://dashboard.algolia.com/users/sign_up,true
https://www.algolia.com/blog/ecommerce/which-features-do-the-best-b2c-sites-have-in-common,blog-post,learn,seo-acquisition,Get started,https://dashboard.algolia.com/users/sign_up,true
https://www.algolia.com/blog/ecommerce/why-ai-personalization-matters,blog-post,learn,seo-acquisition,Get started,https://dashboard.algolia.com/users/sign_up,true
https://www.algolia.com/blog/engineering/10-great-search-productivity-tools-built-by-our-developers,blog-post,learn,seo-acquisition,Get started,https://dashboard.algolia.com/users/sign_up,true
https://www.algolia.com/blog/engineering/60-fps-performant-web-animations-for-optimal-ux,blog-post,learn,seo-acquisition,Get started,https://dashboard.algolia.com/users/sign_up,true
https://www.algolia.com/blog/engineering/10-great-search-productivity-tools-built-by-our-developers-1,blog-post,learn,seo-acquisition,Get started,https://dashboard.algolia.com/users/sign_up,true
https://www.algolia.com/blog/engineering/30-days-to-improve-our-crawler-performance-by-50-percent,blog-post,learn,seo-acquisition,Get started,https://dashboard.algolia.com/users/sign_up,true
https://www.algolia.com/blog/engineering/12-ways-to-improve-your-search-index,blog-post,learn,seo-acquisition,Get started,https://dashboard.algolia.com/users/sign_up,true
https://www.algolia.com/blog/engineering/a-tale-of-two-engines-algolia-unity,blog-post,learn,seo-acquisition,Get started,https://dashboard.algolia.com/users/sign_up,true
https://www.algolia.com/blog/engineering/a-journey-into-sre,blog-post,learn,seo-acquisition,Get started,https://dashboard.algolia.com/users/sign_up,true
https://www.algolia.com/blog/engineering/8-algolia-tested-best-practices-kubernetes,blog-post,learn,seo-acquisition,Get started,https://dashboard.algolia.com/users/sign_up,true
https://www.algolia.com/blog/engineering/a-b-testing-metrics-evaluating-the-best-metrics-for-your-search,blog-post,learn,seo-acquisition,Get started,https://dashboard.algolia.com/users/sign_up,true
https://www.algolia.com/blog/engineering,blog-post,learn,seo-acquisition,Get started,https://dashboard.algolia.com/users/sign_up,true
https://www.algolia.com/blog/engineering/6-tips-to-make-the-most-of-a-hack-day,blog-post,learn,seo-acquisition,Get started,https://dashboard.algolia.com/users/sign_up,true
https://www.algolia.com/blog/ecommerce/why-b2c-business-leaders-rank-ai-personalization-as-a-critical-growth-opportunity,blog-post,learn,seo-acquisition,![Content personalization: why it’s critical and how to get started,https://www.algolia.com/files/live/sites/algolia-assets/files/blogs/bannerimages/BP-AI-Personalization.jpg,true
https://www.algolia.com/blog/engineering/add-autocomplete-search-to-your-strapi-cms,blog-post,learn,seo-acquisition,Get started,https://dashboard.algolia.com/users/sign_up,true
https://www.algolia.com/blog/engineering/add-instant-search-to-your-blog-or-documentation-using-our-jekyll-plugin,blog-post,learn,seo-acquisition,Get started,https://dashboard.algolia.com/users/sign_up,true
https://www.algolia.com/blog/engineering/adding-trending-recommendations-to-your-existing-e-commerce-store,blog-post,learn,seo-acquisition,Get started,https://dashboard.algolia.com/users/sign_up,true
https://www.algolia.com/blog/engineering/algolia-devtool-introduction-the-algolia-cli,blog-post,learn,seo-acquisition,Get started,https://dashboard.algolia.com/users/sign_up,true
https://www.algolia.com/blog/engineering/ai-powered-recommendations-for-user-testing-and-ui-design,blog-post,learn,seo-acquisition,Get started,https://dashboard.algolia.com/users/sign_up,true
https://www.algolia.com/blog/engineering/algolia-as-rust-game-engine-debugging-tool,blog-post,learn,seo-acquisition,Get started,https://dashboard.algolia.com/users/sign_up,true
https://www.algolia.com/blog/engineering/algolia-analyzer-browser-extension-inspect-algolia-specific-requests-in-devtools,blog-post,learn,seo-acquisition,Get started,https://dashboard.algolia.com/users/sign_up,true
https://www.algolia.com/blog/engineering/ai-powered-bookmark-manager-n8n-algolia-mcp-server,blog-post,learn,seo-acquisition,Get started,https://dashboard.algolia.com/users/sign_up,true
https://www.algolia.com/blog/engineering/agents-can-now-sign-up-for-algolia,blog-post,learn,seo-acquisition,Get started,https://dashboard.algolia.com/users/sign_up,true
https://www.algolia.com/blog/engineering/algolia-devcon-the-making-of-the-dev-builds-videos,blog-post,learn,seo-acquisition,Get started,https://dashboard.algolia.com/users/sign_up,true
https://www.algolia.com/blog/engineering/algolia-coding-challenge-find-out-the-solutions,blog-post,learn,seo-acquisition,Get started,https://dashboard.algolia.com/users/sign_up,true
https://www.algolia.com/blog/engineering/algolia-devcon-2022-highlights,blog-post,learn,seo-acquisition,Get started,https://dashboard.algolia.com/users/sign_up,true
https://www.algolia.com/blog/engineering/algolia-coding-challenge-help-santa-get-inspired,blog-post,learn,seo-acquisition,Get started,https://dashboard.algolia.com/users/sign_up,true
https://www.algolia.com/blog/engineering/algolia-docsearch-astro-starlight-part-2,blog-post,learn,seo-acquisition,Get started,https://dashboard.algolia.com/users/sign_up,true
https://www.algolia.com/blog/engineering/ai-stylist-with-algolia-and-genai,blog-post,learn,seo-acquisition,Get started,https://dashboard.algolia.com/users/sign_up,true
https://www.algolia.com/blog/engineering/algolia-v-elasticsearch-latency,blog-post,learn,seo-acquisition,Get started,https://dashboard.algolia.com/users/sign_up,true
https://www.algolia.com/blog/engineering/algolias-checklist-for-selecting-a-critical-saas-service,blog-post,learn,seo-acquisition,Get started,https://dashboard.algolia.com/users/sign_up,true
https://www.algolia.com/blog/engineering/algolia-mcp-server,blog-post,learn,seo-acquisition,Get started,https://dashboard.algolia.com/users/sign_up,true
https://www.algolia.com/blog/engineering/algolias-compression-algorithm-inspired-by-lightning-and-coin-sorters,blog-post,learn,seo-acquisition,Get started,https://dashboard.algolia.com/users/sign_up,true
https://www.algolia.com/blog/engineering/android-ndk-how-to-reduce-binaries-size-the-algolia-blog,blog-post,learn,seo-acquisition,Get started,https://dashboard.algolia.com/users/sign_up,true
https://www.algolia.com/blog/engineering/amplifying-your-impact-as-a-developer,blog-post,learn,seo-acquisition,Get started,https://dashboard.algolia.com/users/sign_up,true
https://www.algolia.com/blog/engineering/amazon-alexa-voice-search,blog-post,learn,seo-acquisition,Get started,https://dashboard.algolia.com/users/sign_up,true
https://www.algolia.com/blog/engineering/api-documentation-choosing-right-tool,blog-post,learn,seo-acquisition,Get started,https://dashboard.algolia.com/users/sign_up,true
https://www.algolia.com/blog/engineering/automating-keyword-generation,blog-post,learn,seo-acquisition,Get started,https://dashboard.algolia.com/users/sign_up,true
https://www.algolia.com/blog/engineering/api-keys-vs-json-web-tokens,blog-post,learn,seo-acquisition,Get started,https://dashboard.algolia.com/users/sign_up,true
https://www.algolia.com/blog/engineering/announcing-the-new-javascript-api-client-v4,blog-post,learn,seo-acquisition,Get started,https://dashboard.algolia.com/users/sign_up,true
https://www.algolia.com/blog/engineering/backend-search-how-to-embed-ai-search-into-your-webapp,blog-post,learn,seo-acquisition,Get started,https://dashboard.algolia.com/users/sign_up,true
https://www.algolia.com/blog/engineering/atom-plugin-install-npm-module,blog-post,learn,seo-acquisition,Get started,https://dashboard.algolia.com/users/sign_up,true
https://www.algolia.com/blog/engineering/blogcast-building-search-for-education-and-media-with-alex-patterson-from-codingcatdev,blog-post,learn,seo-acquisition,Get started,https://dashboard.algolia.com/users/sign_up,true
https://www.algolia.com/blog/engineering/become-an-engineer-whisperer,blog-post,learn,seo-acquisition,Get started,https://dashboard.algolia.com/users/sign_up,true
https://www.algolia.com/blog/engineering/berlin-buzzwords-mices24-paradoxes-and-paradigm-shifts,blog-post,learn,seo-acquisition,Get started,https://dashboard.algolia.com/users/sign_up,true
https://www.algolia.com/blog/engineering/build-a-react-app-with-fast-indexing-and-instant-inventory-updates,blog-post,learn,seo-acquisition,Get started,https://dashboard.algolia.com/users/sign_up,true
https://www.algolia.com/blog/engineering/bringing-the-missing-frontend-search-block-to-the-laravel-vue-js-community,blog-post,learn,seo-acquisition,Get started,https://dashboard.algolia.com/users/sign_up,true
https://www.algolia.com/blog/engineering/build-a-store-locator-that-includes-online-sellers,blog-post,learn,seo-acquisition,Get started,https://dashboard.algolia.com/users/sign_up,true
https://www.algolia.com/blog/engineering/building-a-covid-19-geosearch-index-using-csv-files-mongodb-or-graphql,blog-post,learn,seo-acquisition,Get started,https://dashboard.algolia.com/users/sign_up,true
https://www.algolia.com/blog/engineering/building-a-performant-search-bar-in-nuxt-with-algolia-storefront-ui,blog-post,learn,seo-acquisition,Get started,https://dashboard.algolia.com/users/sign_up,true
https://www.algolia.com/blog/engineering/building-a-multi-lingual-rhyming-dictionary-with-wiktionary-and-algolia,blog-post,learn,seo-acquisition,Get started,https://dashboard.algolia.com/users/sign_up,true
https://www.algolia.com/blog/engineering/building-a-github-issue-recommendation-bot-with-algolia,blog-post,learn,seo-acquisition,Get started,https://dashboard.algolia.com/users/sign_up,true
https://www.algolia.com/blog/engineering/building-a-multi-lingual-rhyming-dictionary-part-2-the-gui,blog-post,learn,seo-acquisition,Get started,https://dashboard.algolia.com/users/sign_up,true
https://www.algolia.com/blog/engineering/building-a-store-locator-in-react-using-algolia-mapbox-and-twilio-part-1,blog-post,learn,seo-acquisition,Get started,https://dashboard.algolia.com/users/sign_up,true
https://www.algolia.com/blog/engineering/building-a-store-locator-in-react-using-algolia-mapbox-and-twilio-part-2,blog-post,learn,seo-acquisition,Get started,https://dashboard.algolia.com/users/sign_up,true
https://www.algolia.com/blog/engineering/building-a-store-locator-in-react-using-algolia-mapbox-and-twilio-part-3,blog-post,learn,seo-acquisition,Get started,https://dashboard.algolia.com/users/sign_up,true
https://www.algolia.com/blog/engineering/building-an-ai-powered-mcp-client-for-algolia,blog-post,learn,seo-acquisition,Get started,https://dashboard.algolia.com/users/sign_up,true
https://www.algolia.com/blog/engineering/building-an-open-source-index-for-all,blog-post,learn,seo-acquisition,Get started,https://dashboard.algolia.com/users/sign_up,true
https://www.algolia.com/blog/engineering/building-ai-search-from-prototype-to-production,blog-post,learn,seo-acquisition,Get started,https://dashboard.algolia.com/users/sign_up,true
https://www.algolia.com/blog/engineering/building-privacy-first-ai-features,blog-post,learn,seo-acquisition,Get started,https://dashboard.algolia.com/users/sign_up,true
https://www.algolia.com/blog/engineering/building-and-enriching-your-search-index-with-algolia-fetch,blog-post,learn,seo-acquisition,Get started,https://dashboard.algolia.com/users/sign_up,true
https://www.algolia.com/blog/engineering/building-swagsearch,blog-post,learn,seo-acquisition,Get started,https://dashboard.algolia.com/users/sign_up,true
https://www.algolia.com/blog/engineering/building-server-rendered-search-for-static-sites-with-11ty-serverless-netlify-and-algolia,blog-post,learn,seo-acquisition,Get started,https://dashboard.algolia.com/users/sign_up,true
https://www.algolia.com/blog/engineering/building-production-ai-agents,blog-post,learn,seo-acquisition,Get started,https://dashboard.algolia.com/users/sign_up,true
https://www.algolia.com/blog/engineering/building-real-time-analytics-apis,blog-post,learn,seo-acquisition,Get started,https://dashboard.algolia.com/users/sign_up,true
https://www.algolia.com/blog/engineering/centralizing-state-and-data-handling-with-react-hooks-on-the-road-to-reusable-components,blog-post,learn,seo-acquisition,Get started,https://dashboard.algolia.com/users/sign_up,true
https://www.algolia.com/blog/engineering/choosing-your-apis-for-jamstack,blog-post,learn,seo-acquisition,Get started,https://dashboard.algolia.com/users/sign_up,true
https://www.algolia.com/blog/engineering/cicday-2024-what-makes-a-good-ci-cd-platform,blog-post,learn,seo-acquisition,Get started,https://dashboard.algolia.com/users/sign_up,true
https://www.algolia.com/blog/engineering/challenging-migration-heroku-google-kubernetes-engine,blog-post,learn,seo-acquisition,Get started,https://dashboard.algolia.com/users/sign_up,true
https://www.algolia.com/blog/engineering/chat-meet-the-searchbox,blog-post,learn,seo-acquisition,Get started,https://dashboard.algolia.com/users/sign_up,true
https://www.algolia.com/blog/engineering/cloud-native-meetup-observability-sustainability,blog-post,learn,seo-acquisition,Get started,https://dashboard.algolia.com/users/sign_up,true
https://www.algolia.com/blog/engineering/comparing-algolia-and-elasticsearch-for-consumer-grade-search-part-2-relevance-isn-t-luck,blog-post,learn,seo-acquisition,Get started,https://dashboard.algolia.com/users/sign_up,true
https://www.algolia.com/blog/engineering/content-that-works-everywhere-a-history-and-a-future-of-cross-use-rich-text-formats,blog-post,learn,seo-acquisition,Get started,https://dashboard.algolia.com/users/sign_up,true
https://www.algolia.com/blog/engineering/creating-a-better-date-picking-experience-with-the-daterangepicker-component,blog-post,learn,seo-acquisition,Get started,https://dashboard.algolia.com/users/sign_up,true
https://www.algolia.com/blog/engineering/creating-an-omnibar-with-autocomplete,blog-post,learn,seo-acquisition,Get started,https://dashboard.algolia.com/users/sign_up,true
https://www.algolia.com/blog/engineering/designing-a-search-experience-part-1-orange-a-tech-company-famous-for-their-jphones,blog-post,learn,seo-acquisition,Get started,https://dashboard.algolia.com/users/sign_up,true
https://www.algolia.com/blog/engineering/designing-a-developer-friendly-api-client-in-scala,blog-post,learn,seo-acquisition,Get started,https://dashboard.algolia.com/users/sign_up,true
https://www.algolia.com/blog/engineering/customizing-algolia-react-components-with-tailwind-classes,blog-post,learn,seo-acquisition,Get started,https://dashboard.algolia.com/users/sign_up,true
https://www.algolia.com/blog/engineering/devbit-1-recap,blog-post,learn,seo-acquisition,Get started,https://dashboard.algolia.com/users/sign_up,true
https://www.algolia.com/blog/engineering/devbit-recap-spring-2024-ai-recommendations-events,blog-post,learn,seo-acquisition,Get started,https://dashboard.algolia.com/users/sign_up,true
https://www.algolia.com/blog/engineering/designing-a-search-experience-part-2-clip-on-an-automotive-tools-company-with-an-extensive-catalog,blog-post,learn,seo-acquisition,get started with Algolia,https://www.algolia.com/users/sign_up,true
https://www.algolia.com/blog/engineering/devbit-recap-fall-2023,blog-post,learn,seo-acquisition,Get started,https://dashboard.algolia.com/users/sign_up,true
https://www.algolia.com/blog/engineering/dns-fallback-for-better-resilience,blog-post,learn,seo-acquisition,Get started,https://dashboard.algolia.com/users/sign_up,true
https://www.algolia.com/blog/engineering/devbit-recap-summer-2024-get-integrated-algolia-blog-algolia,blog-post,learn,seo-acquisition,Get started,https://dashboard.algolia.com/users/sign_up,true
https://www.algolia.com/blog/engineering/devbit-recap-winter-2023-community,blog-post,learn,seo-acquisition,Get started,https://dashboard.algolia.com/users/sign_up,true
https://www.algolia.com/blog/engineering/devcon-2024-recap-and-highlights,blog-post,learn,seo-acquisition,Get started,https://dashboard.algolia.com/users/sign_up,true
https://www.algolia.com/blog/engineering/dx-matters-creating-great-search-documentation,blog-post,learn,seo-acquisition,Get started,https://dashboard.algolia.com/users/sign_up,true
https://www.algolia.com/blog/engineering/easily-integrate-algolia-into-native-apps-with-flutterflow,blog-post,learn,seo-acquisition,Get started,https://dashboard.algolia.com/users/sign_up,true
https://www.algolia.com/blog/engineering/ecir23-take-aways,blog-post,learn,seo-acquisition,Get started,https://dashboard.algolia.com/users/sign_up,true
https://www.algolia.com/blog/engineering/facets-data-model-of-json-records,blog-post,learn,seo-acquisition,Get started,https://dashboard.algolia.com/users/sign_up,true
https://www.algolia.com/blog/engineering/feature-spotlight-optional-filters,blog-post,learn,seo-acquisition,Get started,https://dashboard.algolia.com/users/sign_up,true
https://www.algolia.com/blog/engineering/facets-and-faceted-search-making-every-attribute-count,blog-post,learn,seo-acquisition,Get started,https://dashboard.algolia.com/users/sign_up,true
https://www.algolia.com/blog/engineering/feature-spotlight-trends-models-in-recommend,blog-post,learn,seo-acquisition,Get started,https://dashboard.algolia.com/users/sign_up,true
https://www.algolia.com/blog/engineering/ecir-2026-recap,blog-post,learn,seo-acquisition,Get started,https://dashboard.algolia.com/users/sign_up,true
https://www.algolia.com/blog/engineering/full-text-search-in-your-database-algolia-vs-elasticsearch,blog-post,learn,seo-acquisition,Get started,https://dashboard.algolia.com/users/sign_up,true
https://www.algolia.com/blog/engineering/finops-framework,blog-post,learn,seo-acquisition,Get started,https://dashboard.algolia.com/users/sign_up,true
https://www.algolia.com/blog/engineering/enter-algolia-coding-contest,blog-post,learn,seo-acquisition,Get started,https://dashboard.algolia.com/users/sign_up,true
https://www.algolia.com/blog/engineering/fuzzy-search-101,blog-post,learn,seo-acquisition,Get started,https://dashboard.algolia.com/users/sign_up,true
https://www.algolia.com/blog/engineering/ecir-2025,blog-post,learn,seo-acquisition,Get started,https://dashboard.algolia.com/users/sign_up,true
https://www.algolia.com/blog/engineering/fast-on-the-highway-guardrails-and-limitations-for-fast-scalable-search,blog-post,learn,seo-acquisition,Get started,https://dashboard.algolia.com/users/sign_up,true
https://www.algolia.com/blog/engineering/generate-a-transcription-index-for-your-youtube-content-using-whisper,blog-post,learn,seo-acquisition,Get started,https://dashboard.algolia.com/users/sign_up,true
https://www.algolia.com/blog/engineering/getting-started-with-contentstack-and-algolia,blog-post,learn,seo-acquisition,Get started,https://dashboard.algolia.com/users/sign_up,true
https://www.algolia.com/blog/engineering/geo-spatial-search-on-mobile,blog-post,learn,seo-acquisition,Get started,https://dashboard.algolia.com/users/sign_up,true
https://www.algolia.com/blog/engineering/github-awesome-autocomplete-browser-extension-for-chrome-and-firefox,blog-post,learn,seo-acquisition,Get started,https://dashboard.algolia.com/users/sign_up,true
https://www.algolia.com/blog/engineering/git-history,blog-post,learn,seo-acquisition,Get started,https://dashboard.algolia.com/users/sign_up,true
https://www.algolia.com/blog/engineering/graphql-search-and-indexing-with-algolia,blog-post,learn,seo-acquisition,Get started,https://dashboard.algolia.com/users/sign_up,true
https://www.algolia.com/blog/engineering/highlights-from-gophercon-australia-2023,blog-post,learn,seo-acquisition,Get started,https://dashboard.algolia.com/users/sign_up,true
https://www.algolia.com/blog/engineering/how-algolia-created-its-netlify-build-plugin,blog-post,learn,seo-acquisition,Get started,https://dashboard.algolia.com/users/sign_up,true
https://www.algolia.com/blog/engineering/harnassing-apis-with-react-a-different-approach,blog-post,learn,seo-acquisition,Get started,https://dashboard.algolia.com/users/sign_up,true
https://www.algolia.com/blog/engineering/haystack-us-2025,blog-post,learn,seo-acquisition,Get started,https://dashboard.algolia.com/users/sign_up,true
https://www.algolia.com/blog/engineering/hosted-vs-local-llm-ai-infrastructure,blog-post,learn,seo-acquisition,Get started,https://dashboard.algolia.com/users/sign_up,true
https://www.algolia.com/blog/engineering/how-to-build-a-helpful-search-for-technical-documentation-the-laravel-example,blog-post,learn,seo-acquisition,Get started,https://dashboard.algolia.com/users/sign_up,true
https://www.algolia.com/blog/engineering/how-to-add-instantsearch-to-a-site-with-an-unsupported-framework-like-jekyll,blog-post,learn,seo-acquisition,Get started,https://dashboard.algolia.com/users/sign_up,true
https://www.algolia.com/blog/engineering/haystack-us-2024-from-rags-to-relevance,blog-post,learn,seo-acquisition,Get started,https://dashboard.algolia.com/users/sign_up,true
https://www.algolia.com/blog/engineering/how-i-recreated-r-place-with-algolia,blog-post,learn,seo-acquisition,Get started,https://dashboard.algolia.com/users/sign_up,true
https://www.algolia.com/blog/engineering/how-to-build-a-javascript-api-client-as-a-saas-product,blog-post,learn,seo-acquisition,Get started,https://dashboard.algolia.com/users/sign_up,true
https://www.algolia.com/blog/engineering/how-algolia-tackled-the-relevance-problem-of-search-engines,blog-post,learn,seo-acquisition,Get started,https://dashboard.algolia.com/users/sign_up,true
https://www.algolia.com/blog/engineering/how-i-built-the-algolia-beehiiv-connector,blog-post,learn,seo-acquisition,Get started,https://dashboard.algolia.com/users/sign_up,true
https://www.algolia.com/blog/engineering/how-to-build-a-simulator-for-any-feature-part-2-browser-emulation,blog-post,learn,seo-acquisition,Get started,https://dashboard.algolia.com/users/sign_up,true
https://www.algolia.com/blog/engineering/how-to-build-a-simulator-for-any-feature-part-1-unit-testing,blog-post,learn,seo-acquisition,Get started,https://dashboard.algolia.com/users/sign_up,true
https://www.algolia.com/blog/engineering/how-to-find-the-best-open-source-packages,blog-post,learn,seo-acquisition,Get started,https://dashboard.algolia.com/users/sign_up,true
https://www.algolia.com/blog/engineering/how-we-unit-test-react-components-using-expect-jsx,blog-post,learn,seo-acquisition,Get started,https://dashboard.algolia.com/users/sign_up,true
https://www.algolia.com/blog/engineering/how-to-optimize-an-already-fast-indexing-process-advanced-use-cases,blog-post,learn,seo-acquisition,Get started,https://dashboard.algolia.com/users/sign_up,true
https://www.algolia.com/blog/engineering/how-to-personalize-search-results-and-recommendations,blog-post,learn,seo-acquisition,Get started,https://dashboard.algolia.com/users/sign_up,true
https://www.algolia.com/blog/engineering/how-to-implement-ai-browse-to-create-dynamic-category-pages,blog-post,learn,seo-acquisition,Get started,https://dashboard.algolia.com/users/sign_up,true
https://www.algolia.com/blog/engineering/how-to-implement-autocomplete-with-javascript-on-your-website,blog-post,learn,seo-acquisition,“Get started” guide for Autocomplete,https://www.algolia.com/doc/ui-libraries/autocomplete/introduction/getting-started/,true
https://www.algolia.com/blog/engineering/how-we-reduced-boilerplate-and-handled-asynchronous-actions-with-redux,blog-post,learn,seo-acquisition,Get started,https://dashboard.algolia.com/users/sign_up,true
https://www.algolia.com/blog/engineering/how-we-generate-100-sdks,blog-post,learn,seo-acquisition,Get started,https://dashboard.algolia.com/users/sign_up,true
https://www.algolia.com/blog/engineering/how-to-send-engaging-customer-emails-with-twilio-sendgrid-and-algolia-recommend,blog-post,learn,seo-acquisition,Get started,https://dashboard.algolia.com/users/sign_up,true
https://www.algolia.com/blog/engineering/how-to-secure-amazon-cloudfront-by-adding-oauth2-authentication-to-a-static-bucket-with-okta-lambda,blog-post,learn,seo-acquisition,Get started,https://dashboard.algolia.com/users/sign_up,true
https://www.algolia.com/blog/engineering/how-we-handled-color-identification,blog-post,learn,seo-acquisition,Get started,https://dashboard.algolia.com/users/sign_up,true
https://www.algolia.com/blog/engineering/indexing-markdown-content-with-algolia,blog-post,learn,seo-acquisition,Get started,https://dashboard.algolia.com/users/sign_up,true
https://www.algolia.com/blog/engineering/improving-web-performance-to-mirror-engine-speed,blog-post,learn,seo-acquisition,Get started,https://dashboard.algolia.com/users/sign_up,true
https://www.algolia.com/blog/engineering/increase-decompounding-accuracy-by-generating-a-language-specific-lexicon,blog-post,learn,seo-acquisition,Get started,https://dashboard.algolia.com/users/sign_up,true
https://www.algolia.com/blog/engineering/how-we-updated-our-js-libraries-for-react-native,blog-post,learn,seo-acquisition,sample to help you get started,https://github.com/algolia/hn-reactnative-sample,true
https://www.algolia.com/blog/engineering/how-we-tackled-internationalization-in-our-zendesk-integration,blog-post,learn,seo-acquisition,Get started,https://dashboard.algolia.com/users/sign_up,true
https://www.algolia.com/blog/engineering/inside-the-algolia-engine-part-1-indexing-vs-search,blog-post,learn,seo-acquisition,Get started,https://dashboard.algolia.com/users/sign_up,true
https://www.algolia.com/blog/engineering/implementing-faceted-search-with-dynamic-faceting-with-code,blog-post,learn,seo-acquisition,Get started,https://dashboard.algolia.com/users/sign_up,true
https://www.algolia.com/blog/engineering/inside-the-algolia-engine-part-2-the-indexing-challenge-of-instant-search,blog-post,learn,seo-acquisition,Get started,https://dashboard.algolia.com/users/sign_up,true
https://www.algolia.com/blog/engineering/integrate-ocr-into-search-in-a-package-label-scanning-app,blog-post,learn,seo-acquisition,Get started,https://dashboard.algolia.com/users/sign_up,true
https://www.algolia.com/blog/engineering/integrating-third-party-apis-into-graphql-with-apollo-client,blog-post,learn,seo-acquisition,Get started,https://dashboard.algolia.com/users/sign_up,true
https://www.algolia.com/blog/engineering/inside-the-algolia-engine-part-5-highlighting-a-cornerstone-to-search-ux,blog-post,learn,seo-acquisition,Get started,https://dashboard.algolia.com/users/sign_up,true
https://www.algolia.com/blog/engineering/integrating-custom-dictionaries-into-nlp-for-greater-clarity,blog-post,learn,seo-acquisition,Get started,https://dashboard.algolia.com/users/sign_up,true
https://www.algolia.com/blog/engineering/inside-the-algolia-engine-part-3-query-processing,blog-post,learn,seo-acquisition,Get started,https://dashboard.algolia.com/users/sign_up,true
https://www.algolia.com/blog/engineering/inside-the-algolia-enginepart-4-textual-relevance,blog-post,learn,seo-acquisition,Get started,https://dashboard.algolia.com/users/sign_up,true
https://www.algolia.com/blog/engineering/inside-the-engine-part-6-handling-synonyms-the-right-way,blog-post,learn,seo-acquisition,Get started,https://dashboard.algolia.com/users/sign_up,true
https://www.algolia.com/blog/engineering/instantsearch-android,blog-post,learn,seo-acquisition,Get started,https://dashboard.algolia.com/users/sign_up,true
https://www.algolia.com/blog/engineering/introducing-the-new-algolia-no-code-data-connector-platform,blog-post,learn,seo-acquisition,Get started,https://dashboard.algolia.com/users/sign_up,true
https://www.algolia.com/blog/engineering/inside-the-engine-part-7-better-relevance-via-dedup-at-query-time,blog-post,learn,seo-acquisition,Get started,https://dashboard.algolia.com/users/sign_up,true
https://www.algolia.com/blog/engineering/inside-the-engine-part-8-handling-advanced-search-use-cases,blog-post,learn,seo-acquisition,Get started,https://dashboard.algolia.com/users/sign_up,true
https://www.algolia.com/blog/engineering/journey-better-dx-create-instantsearch-app,blog-post,learn,seo-acquisition,Get started,https://dashboard.algolia.com/users/sign_up,true
https://www.algolia.com/blog/engineering/learn-to-rank,blog-post,learn,seo-acquisition,Get started,https://dashboard.algolia.com/users/sign_up,true
https://www.algolia.com/blog/engineering/keeping-data-in-your-search-engine-up-to-date,blog-post,learn,seo-acquisition,Get started,https://dashboard.algolia.com/users/sign_up,true
https://www.algolia.com/blog/engineering/making-a-for-you-page,blog-post,learn,seo-acquisition,Get started,https://dashboard.algolia.com/users/sign_up,true
https://www.algolia.com/blog/engineering/maintaining-speed-perception-with-neuralsearch-and-optimistic-ui,blog-post,learn,seo-acquisition,Get started,https://dashboard.algolia.com/users/sign_up,true
https://www.algolia.com/blog/engineering/master-git-rebase,blog-post,learn,seo-acquisition,Get started,https://dashboard.algolia.com/users/sign_up,true
https://www.algolia.com/blog/engineering/may-30-ssl-incident,blog-post,learn,seo-acquisition,Get started,https://dashboard.algolia.com/users/sign_up,true
https://www.algolia.com/blog/engineering/natural-languages-in-search,blog-post,learn,seo-acquisition,Get started,https://dashboard.algolia.com/users/sign_up,true
https://www.algolia.com/blog/engineering/part-1-business-intelligence-data-indexing-from-postgresql-using-algolia-use-case-and-proposed-solution,blog-post,learn,seo-acquisition,Get started,https://dashboard.algolia.com/users/sign_up,true
https://www.algolia.com/blog/engineering/pair-programming-roles-challenges-guiding-principles-and-tools,blog-post,learn,seo-acquisition,Get started,https://dashboard.algolia.com/users/sign_up,true
https://www.algolia.com/blog/engineering/onesignal-builds-hacker-news-notifications-with-a-little-help-from-algolia,blog-post,learn,seo-acquisition,Get started,https://dashboard.algolia.com/users/sign_up,true
https://www.algolia.com/blog/engineering/modern-javascript-libraries-the-isomorphic-way,blog-post,learn,seo-acquisition,Get started,https://dashboard.algolia.com/users/sign_up,true
https://www.algolia.com/blog/engineering/netinfo-api-algolia-javascript-client,blog-post,learn,seo-acquisition,Get started,https://dashboard.algolia.com/users/sign_up,true
https://www.algolia.com/blog/engineering/one-year-load-balancing,blog-post,learn,seo-acquisition,Get started,https://dashboard.algolia.com/users/sign_up,true
https://www.algolia.com/blog/engineering/new-features-and-capabilities-in-algolia-instantsearch,blog-post,learn,seo-acquisition,request a demo,https://www.algolia.com/demorequest/,true
https://www.algolia.com/blog/engineering/million-songs,blog-post,learn,seo-acquisition,Get started,https://dashboard.algolia.com/users/sign_up,true
https://www.algolia.com/blog/engineering/our-secret-recipe-for-speed-from-search-as-you-type-to-ai-search,blog-post,learn,seo-acquisition,Get started,https://dashboard.algolia.com/users/sign_up,true
https://www.algolia.com/blog/engineering/migrating-citus-on-aws-to-citus-on-azure-our-playbook-and-testing-strategies,blog-post,learn,seo-acquisition,Get started,https://dashboard.algolia.com/users/sign_up,true
https://www.algolia.com/blog/engineering/part-1-supercharging-search-for-ecommerce-solutions-with-algolia-and-mongodb-use-case-architecture-and-current-challenges,blog-post,learn,seo-acquisition,Get started,https://dashboard.algolia.com/users/sign_up,true
https://www.algolia.com/blog/engineering/part-3-supercharging-search-for-ecommerce-solutions-with-algolia-and-mongodb-data-pipeline-implementation,blog-post,learn,seo-acquisition,Get started,https://dashboard.algolia.com/users/sign_up,true
https://www.algolia.com/blog/engineering/part-2-business-intelligence-data-indexing-from-postgresql-using-algolia-implementation-and-conclusion,blog-post,learn,seo-acquisition,Get started,https://dashboard.algolia.com/users/sign_up,true
https://www.algolia.com/blog/engineering/part-2-supercharging-search-for-ecommerce-solutions-with-algolia-and-mongodb-proposed-solution-and-design,blog-post,learn,seo-acquisition,Get started,https://dashboard.algolia.com/users/sign_up,true
https://www.algolia.com/blog/engineering/pest-a-testing-framework-that-goes-above-and-beyond-phpunit,blog-post,learn,seo-acquisition,Get started,https://dashboard.algolia.com/users/sign_up,true
https://www.algolia.com/blog/engineering/query-optimize-with-500x-faster-response-times-using-a-cqrs-data-store,blog-post,learn,seo-acquisition,Get started,https://dashboard.algolia.com/users/sign_up,true
https://www.algolia.com/blog/engineering/real-demo-fake-css-api-client,blog-post,learn,seo-acquisition,Get started,https://dashboard.algolia.com/users/sign_up,true
https://www.algolia.com/blog/engineering/recommendations-for-developers-the-complete-how-to-what-to-and-where-to-guide,blog-post,learn,seo-acquisition,Get started,https://dashboard.algolia.com/users/sign_up,true
https://www.algolia.com/blog/engineering/reducing-infrastructure-cost,blog-post,learn,seo-acquisition,Get started,https://dashboard.algolia.com/users/sign_up,true
https://www.algolia.com/blog/engineering/scaling-algolia-personalization-engine,blog-post,learn,seo-acquisition,Get started,https://dashboard.algolia.com/users/sign_up,true
https://www.algolia.com/blog/engineering/salt-incident-may-3rd-2020-retrospective-and-update,blog-post,learn,seo-acquisition,Get started,https://dashboard.algolia.com/users/sign_up,true
https://www.algolia.com/blog/engineering/ruby-client-v2-is-out,blog-post,learn,seo-acquisition,Get started,https://dashboard.algolia.com/users/sign_up,true
https://www.algolia.com/blog/engineering/removing-outliers-for-a-b-search-tests,blog-post,learn,seo-acquisition,Get started,https://dashboard.algolia.com/users/sign_up,true
https://www.algolia.com/blog/engineering/search-bar-supabase,blog-post,learn,seo-acquisition,Get started,https://dashboard.algolia.com/users/sign_up,true
https://www.algolia.com/blog/engineering/scout-extended-the-full-power-of-algolia-in-laravel,blog-post,learn,seo-acquisition,Get started,https://dashboard.algolia.com/users/sign_up,true
https://www.algolia.com/blog/engineering/search-101-what-is-an-api-key-how-does-it-provide-api-security,blog-post,learn,seo-acquisition,Get started,https://dashboard.algolia.com/users/sign_up,true
https://www.algolia.com/blog/engineering/search-banners,blog-post,learn,seo-acquisition,Get started,https://dashboard.algolia.com/users/sign_up,true
https://www.algolia.com/blog/engineering/self-enriching-index,blog-post,learn,seo-acquisition,Get started,https://dashboard.algolia.com/users/sign_up,true
https://www.algolia.com/blog/engineering/search-indexing-best-practices-for-top-performance-with-code-samples,blog-post,learn,seo-acquisition,Get started,https://dashboard.algolia.com/users/sign_up,true
https://www.algolia.com/blog/engineering/secure-tool-for-one-time-self-destructing-messages,blog-post,learn,seo-acquisition,Get started,https://dashboard.algolia.com/users/sign_up,true
https://www.algolia.com/blog/engineering/searching-camelcased-parameters-in-api-documentation-how-we-handled-it,blog-post,learn,seo-acquisition,Get started,https://dashboard.algolia.com/users/sign_up,true
https://www.algolia.com/blog/engineering/showing-sponsored-results-from-a-retail-media-platform,blog-post,learn,seo-acquisition,Get started,https://dashboard.algolia.com/users/sign_up,true
https://www.algolia.com/blog/engineering/simplifying-tailwind-css-with-eslint-tools-tagged-template-literals-and-a-lot-more,blog-post,learn,seo-acquisition,Get started,https://dashboard.algolia.com/users/sign_up,true
https://www.algolia.com/blog/engineering/solving-real-world-problems-with-algolia-data-transformations,blog-post,learn,seo-acquisition,Get started,https://dashboard.algolia.com/users/sign_up,true
https://www.algolia.com/blog/engineering/supercharging-search-for-ecommerce-solutions-with-algolia-and-mongodb-frontend-implementation-and-conclusion,blog-post,learn,seo-acquisition,Get started,https://dashboard.algolia.com/users/sign_up,true
https://www.algolia.com/blog/engineering/teaching-english-with-zapier-and-algolia,blog-post,learn,seo-acquisition,Get started,https://dashboard.algolia.com/users/sign_up,true
https://www.algolia.com/blog/engineering/tech-startup-dilemmas-resilient-deployment-vs-exhaustive-tests,blog-post,learn,seo-acquisition,Get started,https://dashboard.algolia.com/users/sign_up,true
https://www.algolia.com/blog/engineering/the-startup-founders-no-nonsense-guide-to-ai-powered-search,blog-post,learn,seo-acquisition,Get started,https://dashboard.algolia.com/users/sign_up,true
https://www.algolia.com/blog/engineering/the-algolia-supabase-connector,blog-post,learn,seo-acquisition,Get started,https://dashboard.algolia.com/users/sign_up,true
https://www.algolia.com/blog/engineering/the-evolution-of-personalization,blog-post,learn,seo-acquisition,Get started,https://dashboard.algolia.com/users/sign_up,true
https://www.algolia.com/blog/engineering/time-traveling-with-ai,blog-post,learn,seo-acquisition,Get started,https://dashboard.algolia.com/users/sign_up,true
https://www.algolia.com/blog/engineering/unlock-the-power-of-image-based-recommendation-with-algolia-s-lookingsimilar,blog-post,learn,seo-acquisition,Get started,https://dashboard.algolia.com/users/sign_up,true
https://www.algolia.com/blog/engineering/unintended-double-encryption,blog-post,learn,seo-acquisition,Get started,https://dashboard.algolia.com/users/sign_up,true
https://www.algolia.com/blog/engineering/we-rewrote-the-algolia-cli-for-ai-agents,blog-post,learn,seo-acquisition,Get started,https://dashboard.algolia.com/users/sign_up,true
https://www.algolia.com/blog/engineering/when-solid-state-drives-are-not-that-solid,blog-post,learn,seo-acquisition,Get started,https://dashboard.algolia.com/users/sign_up,true
https://www.algolia.com/blog/engineering/unmasking-the-bots,blog-post,learn,seo-acquisition,Get started,https://dashboard.algolia.com/users/sign_up,true
https://www.algolia.com/blog/engineering/what-is-a-web-crawler,blog-post,learn,seo-acquisition,Get started,https://dashboard.algolia.com/users/sign_up,true
https://www.algolia.com/blog/engineering/when-allocators-are-hoarding-your-precious-memory,blog-post,learn,seo-acquisition,Get started,https://dashboard.algolia.com/users/sign_up,true
https://www.algolia.com/blog/engineering/why-imports-are-important-in-js-1,blog-post,learn,seo-acquisition,Get started,https://dashboard.algolia.com/users/sign_up,true
https://www.algolia.com/blog/engineering/why-imports-are-important-in-js,blog-post,learn,seo-acquisition,Get started,https://dashboard.algolia.com/users/sign_up,true
https://www.algolia.com/blog/engineering/which-episode-was-that-making-your-favorite-tv-show-searchable,blog-post,learn,seo-acquisition,Get started,https://dashboard.algolia.com/users/sign_up,true
https://www.algolia.com/blog/engineering/why-you-should-capture-click-and-conversion-events-from-day-one,blog-post,learn,seo-acquisition,Get started,https://dashboard.algolia.com/users/sign_up,true
https://www.algolia.com/blog/engineering/why-weights-are-often-counterproductive-in-ranking,blog-post,learn,seo-acquisition,Get started,https://dashboard.algolia.com/users/sign_up,true
https://www.algolia.com/blog/engineering/writing-code-that-is-testable-maintainable-usable,blog-post,learn,seo-acquisition,Get started,https://dashboard.algolia.com/users/sign_up,true
https://www.algolia.com/blog/product,blog-post,learn,seo-acquisition,Get started,https://dashboard.algolia.com/users/sign_up,true
https://www.algolia.com/blog/product/4-questions-to-ask-for-relevant-search-results,blog-post,learn,seo-acquisition,Get started,https://dashboard.algolia.com/users/sign_up,true
https://www.algolia.com/blog/product/10-things-to-ask-your-search-provider-about-security,blog-post,learn,seo-acquisition,Get started,https://dashboard.algolia.com/users/sign_up,true
https://www.algolia.com/blog/product/5-reasons-to-add-clicks-to-site-search-analytics-and-code-to-do-it,blog-post,learn,seo-acquisition,Get started,https://dashboard.algolia.com/users/sign_up,true
https://www.algolia.com/blog/product/5-voice-search-trends-to-look-out-for,blog-post,learn,seo-acquisition,Get started,https://dashboard.algolia.com/users/sign_up,true
https://www.algolia.com/blog/product/6-ways-to-leverage-recommendations-for-ecommerce-retailers,blog-post,learn,seo-acquisition,Get started,https://dashboard.algolia.com/users/sign_up,true
https://www.algolia.com/blog/product/a-guide-for-publishers-how-to-get-your-story-in-front-of-the-right-audience-1,blog-post,learn,seo-acquisition,Get started,https://dashboard.algolia.com/users/sign_up,true
https://www.algolia.com/blog/product/7-tips-for-building-exceptional-media-industry-site-search-and-discovery,blog-post,learn,seo-acquisition,Get started,https://dashboard.algolia.com/users/sign_up,true
https://www.algolia.com/blog/product/a-guide-for-publishers-how-to-get-your-story-in-front-of-the-right-audience,blog-post,learn,seo-acquisition,Get started,https://dashboard.algolia.com/users/sign_up,true
https://www.algolia.com/blog/product/a-path-to-unification-ai-recommendations-now-integrated-with-instantsearch,blog-post,learn,seo-acquisition,Get started,https://dashboard.algolia.com/users/sign_up,true
https://www.algolia.com/blog/product/a-path-to-unification-ai-recommendations-now-integrated-with-instantsearch-1,blog-post,learn,seo-acquisition,Get started,https://dashboard.algolia.com/users/sign_up,true
https://www.algolia.com/blog/product/ab-testing-search,blog-post,learn,seo-acquisition,Get started,https://dashboard.algolia.com/users/sign_up,true
https://www.algolia.com/blog/product/adaptive-intent,blog-post,learn,seo-acquisition,Get started,https://dashboard.algolia.com/users/sign_up,true
https://www.algolia.com/blog/product/achieve-faster-time-to-value-with-algolia-s-salesforce-accelerator-for-b2b-commerce,blog-post,learn,seo-acquisition,Get started,https://dashboard.algolia.com/users/sign_up,true
https://www.algolia.com/blog/product/add-instantsearch-and-autocomplete-to-your-search-experience-in-just-5-minutes,blog-post,learn,seo-acquisition,request a demo,https://www.algolia.com/demorequest,true
https://www.algolia.com/blog/product/ai-powered-recommendations-in-the-back-office,blog-post,learn,seo-acquisition,Get started,https://dashboard.algolia.com/users/sign_up,true
https://www.algolia.com/blog/product/ai-powered-recommendations-product-launch,blog-post,learn,seo-acquisition,Get started,https://dashboard.algolia.com/users/sign_up,true
https://www.algolia.com/blog/product/algolia-recommend-for-adobe-commerce,blog-post,learn,seo-acquisition,_get started for free right here_,https://www.algolia.com/users/sign_up,true
https://www.algolia.com/blog/product/algolia-is-iso-27001-and-iso-27017-certified,blog-post,learn,seo-acquisition,Get started,https://dashboard.algolia.com/users/sign_up,true
https://www.algolia.com/blog/product/algolia-picking-up-where-google-site-search-left-off,blog-post,learn,seo-acquisition,Get started,https://dashboard.algolia.com/users/sign_up,true
https://www.algolia.com/blog/product/algolia-docsearch-is-now-free-for-all-docs-sites,blog-post,learn,seo-acquisition,Get started,https://dashboard.algolia.com/users/sign_up,true
https://www.algolia.com/blog/product/algolia-vs-klevu-a-side-by-side-comparison,blog-post,learn,seo-acquisition,Request a demo,https://go.algolia.com/deep-dive-demo,true
https://www.algolia.com/blog/product/alternatives-to-google-site-search,blog-post,learn,seo-acquisition,Get started,https://dashboard.algolia.com/users/sign_up,true
https://www.algolia.com/blog/product/algolia-vs-open-source-search,blog-post,learn,seo-acquisition,Get started,https://dashboard.algolia.com/users/sign_up,true
https://www.algolia.com/blog/product/an-exploration-of-search-and-indexing-real-time-indexing-scenarios,blog-post,learn,seo-acquisition,Get started,https://dashboard.algolia.com/users/sign_up,true
https://www.algolia.com/blog/product/algolias-top-10-tips-to-achieve-greatly-relevant-search-results,blog-post,learn,seo-acquisition,Get started,https://dashboard.algolia.com/users/sign_up,true
https://www.algolia.com/blog/product/algolia-winter-20-grow-revenue-with-search-experience-management,blog-post,learn,seo-acquisition,Get started,https://dashboard.algolia.com/users/sign_up,true
https://www.algolia.com/blog/product/announcing-instantsearch-js-everything-you-need-for-great-search-in-one-library,blog-post,learn,seo-acquisition,Get started with our instantsearch.js documentation,https://community.algolia.com/instantsearch.js/?utm_medium=social-owned&utm_source=Blog&utm_campaign=InstantSearch%20Post,true
https://www.algolia.com/blog/product/can-an-elasticsearch-alternative-stack-up,blog-post,learn,seo-acquisition,Get started,https://dashboard.algolia.com/users/sign_up,true
https://www.algolia.com/blog/product/best-practices-for-federated-search,blog-post,learn,seo-acquisition,Get started,https://dashboard.algolia.com/users/sign_up,true
https://www.algolia.com/blog/product/by-the-numbers-the-roi-of-keyword-and-ai-site-search-for-digital-commerce,blog-post,learn,seo-acquisition,Get started,https://dashboard.algolia.com/users/sign_up,true
https://www.algolia.com/blog/product/building-enterprise-search-and-discovery-for-your-customers-and-employees,blog-post,learn,seo-acquisition,Get started,https://dashboard.algolia.com/users/sign_up,true
https://www.algolia.com/blog/product/announcing-the-firebase-algolia-search-extension,blog-post,learn,seo-acquisition,Get started,https://dashboard.algolia.com/users/sign_up,true
https://www.algolia.com/blog/product/bringing-search-to-angular,blog-post,learn,seo-acquisition,Get started,https://dashboard.algolia.com/users/sign_up,true
https://www.algolia.com/blog/product/boosting-conversions-with-new-ai-powered-query-categorization,blog-post,learn,seo-acquisition,Get started,https://dashboard.algolia.com/users/sign_up,true
https://www.algolia.com/blog/product/api-documentation-2-0-from-browsing-to-search,blog-post,learn,seo-acquisition,Get started,https://dashboard.algolia.com/users/sign_up,true
https://www.algolia.com/blog/product/bioivt-s-digital-transformation-how-algolia-and-zaelab-partnered-to-create-a-streamlined-b2b-customer-experience,blog-post,learn,seo-acquisition,Get started,https://dashboard.algolia.com/users/sign_up,true
https://www.algolia.com/blog/product/ask-ai-smarter-search-for-docs-and-beyond,blog-post,learn,seo-acquisition,Get started,https://dashboard.algolia.com/users/sign_up,true
https://www.algolia.com/blog/product/auto-parts-search,blog-post,learn,seo-acquisition,Get started,https://dashboard.algolia.com/users/sign_up,true
https://www.algolia.com/blog/product/collections-the-high-performance-merchandising-strategy,blog-post,learn,seo-acquisition,Get started,https://dashboard.algolia.com/users/sign_up,true
https://www.algolia.com/blog/product/connectors-docs-the-future-a-deeper-look-into-instantsearch-js-v2,blog-post,learn,seo-acquisition,Get started,https://dashboard.algolia.com/users/sign_up,true
https://www.algolia.com/blog/product/conversational-search,blog-post,learn,seo-acquisition,Get started,https://dashboard.algolia.com/users/sign_up,true
https://www.algolia.com/blog/product/comparing-algolia-and-elasticsearch-for-consumer-grade-search-part-3-developer-experience-and-ux,blog-post,learn,seo-acquisition,Get started,https://dashboard.algolia.com/users/sign_up,true
https://www.algolia.com/blog/product/conversational-search-an-update-for-2024,blog-post,learn,seo-acquisition,Get started,https://dashboard.algolia.com/users/sign_up,true
https://www.algolia.com/blog/product/craft-a-unique-discovery-experience-with-ai-powered-recommendations,blog-post,learn,seo-acquisition,request a demo,https://www.algolia.com/demorequest,true
https://www.algolia.com/blog/product/don-t-let-network-latency-ruin-the-search-experience-of-your-international-users,blog-post,learn,seo-acquisition,Get started,https://dashboard.algolia.com/users/sign_up,true
https://www.algolia.com/blog/product/creating-search-relevance-for-ecommerce-and-media-with-great-content,blog-post,learn,seo-acquisition,Get started,https://dashboard.algolia.com/users/sign_up,true
https://www.algolia.com/blog/product/dynamic-facets,blog-post,learn,seo-acquisition,Get started,https://dashboard.algolia.com/users/sign_up,true
https://www.algolia.com/blog/product/driving-structured-discovery-with-algolia-collections,blog-post,learn,seo-acquisition,Get started,https://dashboard.algolia.com/users/sign_up,true
https://www.algolia.com/blog/product/defining-what-a-search-index-is-and-the-speed-and-relevance-of-a-search-engine-index,blog-post,learn,seo-acquisition,Get started,https://dashboard.algolia.com/users/sign_up,true
https://www.algolia.com/blog/product/data-transformation,blog-post,learn,seo-acquisition,Get started,https://dashboard.algolia.com/users/sign_up,true
https://www.algolia.com/blog/product/customer-support-update-november-2021,blog-post,learn,seo-acquisition,Get started,https://dashboard.algolia.com/users/sign_up,true
https://www.algolia.com/blog/product/dynamic-synonyms-explanation,blog-post,learn,seo-acquisition,Get started,https://dashboard.algolia.com/users/sign_up,true
https://www.algolia.com/blog/product/creating-an-end-to-end-search-experience-with-autocomplete-and-instant-search-results,blog-post,learn,seo-acquisition,request a demo,https://www.algolia.com/demorequest/,true
https://www.algolia.com/blog/product/docsearch-reimagined,blog-post,learn,seo-acquisition,Get started,https://dashboard.algolia.com/users/sign_up,true
https://www.algolia.com/blog/product/endeca-migration-why-now-why-algolia,blog-post,learn,seo-acquisition,Get started,https://dashboard.algolia.com/users/sign_up,true
https://www.algolia.com/blog/product/essential-building-blocks-retailers-consider-when-moving-from-monolith-to-headless-architecture,blog-post,learn,seo-acquisition,Get started,https://dashboard.algolia.com/users/sign_up,true
https://www.algolia.com/blog/product/empowering-non-technical-teams-with-no-code-and-ai-data-transformations,blog-post,learn,seo-acquisition,Get started,https://dashboard.algolia.com/users/sign_up,true
https://www.algolia.com/blog/product/feature-spotlight-analytics,blog-post,learn,seo-acquisition,Get started,https://dashboard.algolia.com/users/sign_up,true
https://www.algolia.com/blog/product/feature-spotlight-algolia-crawler,blog-post,learn,seo-acquisition,Get started,https://dashboard.algolia.com/users/sign_up,true
https://www.algolia.com/blog/product/feature-spotlight-instantsearch,blog-post,learn,seo-acquisition,Get started,https://dashboard.algolia.com/users/sign_up,true
https://www.algolia.com/blog/product/feature-spotlight-query-rules,blog-post,learn,seo-acquisition,Get started,https://dashboard.algolia.com/users/sign_up,true
https://www.algolia.com/blog/product/goodbye-javascript-introducing-our-css-api-client-1,blog-post,learn,seo-acquisition,Get started,https://dashboard.algolia.com/users/sign_up,true
https://www.algolia.com/blog/product/generative-experience-guides,blog-post,learn,seo-acquisition,Get started,https://dashboard.algolia.com/users/sign_up,true
https://www.algolia.com/blog/product/growing-search-kpis-with-ab-testing,blog-post,learn,seo-acquisition,Get started,https://dashboard.algolia.com/users/sign_up,true
https://www.algolia.com/blog/product/federated-search-types,blog-post,learn,seo-acquisition,Get started,https://dashboard.algolia.com/users/sign_up,true
https://www.algolia.com/blog/product/four-ways-to-empower-your-customer-support-team-to-provide-great-customer-service,blog-post,learn,seo-acquisition,Get started,https://dashboard.algolia.com/users/sign_up,true
https://www.algolia.com/blog/product/feature-spotlight-synonyms,blog-post,learn,seo-acquisition,Get started,https://dashboard.algolia.com/users/sign_up,true
https://www.algolia.com/blog/product/for-slas-theres-no-such-thing-as-100-uptime-only-100-transparency,blog-post,learn,seo-acquisition,Get started,https://dashboard.algolia.com/users/sign_up,true
https://www.algolia.com/blog/product/from-search-to-recommendations-framing-your-customers-online-retail-journey,blog-post,learn,seo-acquisition,Get started,https://dashboard.algolia.com/users/sign_up,true
https://www.algolia.com/blog/product/feature-spotlight-query-suggestions,blog-post,learn,seo-acquisition,Get started,https://dashboard.algolia.com/users/sign_up,true
https://www.algolia.com/blog/product/federated-search-benefits-and-challenges,blog-post,learn,seo-acquisition,Get started,https://dashboard.algolia.com/users/sign_up,true
https://www.algolia.com/blog/product/goodbye-javascript-introducing-our-css-api-client,blog-post,learn,seo-acquisition,Get started,https://dashboard.algolia.com/users/sign_up,true
https://www.algolia.com/blog/product/how-a-one-to-many-api-first-design-can-deliver-diverse-experiences-for-different-users,blog-post,learn,seo-acquisition,Get started,https://dashboard.algolia.com/users/sign_up,true
https://www.algolia.com/blog/product/how-a-personalization-engine-can-transform-your-user-experience,blog-post,learn,seo-acquisition,Get started,https://dashboard.algolia.com/users/sign_up,true
https://www.algolia.com/blog/product/how-algolia-ai-ranking-drives-conversions-revenue,blog-post,learn,seo-acquisition,Talk to an expert to get started with a free trial,https://www.algolia.com/lp/airanking-talk-to-an-expert?utm_camp_parent=cust_exp&utm_2nd_camp=airc&utm_source=&utm_medium=blog,true
https://www.algolia.com/blog/product/how-algolia-query-categorization-hits-the-right-notes,blog-post,learn,seo-acquisition,Get started,https://dashboard.algolia.com/users/sign_up,true
https://www.algolia.com/blog/product/how-algolia-retrieval-engine-works,blog-post,learn,seo-acquisition,Get started,https://dashboard.algolia.com/users/sign_up,true
https://www.algolia.com/blog/product/how-any-business-can-benefit-from-personalization-and-recommendations,blog-post,learn,seo-acquisition,reach out to get a demo,https://www.algolia.com/demorequest/,true
https://www.algolia.com/blog/product/how-and-why-events-drive-search-roi,blog-post,learn,seo-acquisition,How to get started with Query Categorization,https://www.algolia.com/doc/guides/algolia-ai/query-categorization/,true
https://www.algolia.com/blog/product/how-geo-search-improves-search-and-discovery,blog-post,learn,seo-acquisition,Get started,https://dashboard.algolia.com/users/sign_up,true
https://www.algolia.com/blog/product/how-can-ecommerce-marketplaces-leverage-search-and-discovery-to-increase-engagement-and-revenue,blog-post,learn,seo-acquisition,Get started,https://dashboard.algolia.com/users/sign_up,true
https://www.algolia.com/blog/product/how-algolia-recommend-can-increase-basket-sizes-and-values-and-build-customer-loyalty,blog-post,learn,seo-acquisition,Get started,https://dashboard.algolia.com/users/sign_up,true
https://www.algolia.com/blog/product/how-search-helps-business-teams-increase-sales,blog-post,learn,seo-acquisition,Get started,https://dashboard.algolia.com/users/sign_up,true
https://www.algolia.com/blog/product/how-technology-matchmaking-works-with-a-sharable-composable-architecture,blog-post,learn,seo-acquisition,Get started,https://dashboard.algolia.com/users/sign_up,true
https://www.algolia.com/blog/product/how-leading-ecommerce-companies-increase-brand-loyalty-by-offering-a-fast-informative-customer-service,blog-post,learn,seo-acquisition,Get started,https://dashboard.algolia.com/users/sign_up,true
https://www.algolia.com/blog/product/how-can-you-improve-your-content-management-system-cms-with-great-search,blog-post,learn,seo-acquisition,Get started,https://dashboard.algolia.com/users/sign_up,true
https://www.algolia.com/blog/product/how-leading-media-gaming-and-saas-companies-increase-brand-loyalty-by-offering-a-fast-informative-customer-service,blog-post,learn,seo-acquisition,Get started,https://dashboard.algolia.com/users/sign_up,true
https://www.algolia.com/blog/product/how-to-build-an-algolia-powered-search-and-discovery-experience-on-adobe-experience-manager,blog-post,learn,seo-acquisition,Get started,https://dashboard.algolia.com/users/sign_up,true
https://www.algolia.com/blog/product/how-to-analyze-your-site-search-data,blog-post,learn,seo-acquisition,Get started,https://dashboard.algolia.com/users/sign_up,true
https://www.algolia.com/blog/product/how-do-i-look-image-recommendation-ai-in-practice,blog-post,learn,seo-acquisition,Get started,https://dashboard.algolia.com/users/sign_up,true
https://www.algolia.com/blog/product/how-to-integrate-algolia-recommend-with-instagram-ads,blog-post,learn,seo-acquisition,Get started,https://dashboard.algolia.com/users/sign_up,true
https://www.algolia.com/blog/product/how-we-used-algolia-to-make-our-support-experience-better,blog-post,learn,seo-acquisition,Get started,https://dashboard.algolia.com/users/sign_up,true
https://www.algolia.com/blog/product/how-to-scale-a-saas-business-5-growth-tips-with-jason-lemkin,blog-post,learn,seo-acquisition,Get started,https://dashboard.algolia.com/users/sign_up,true
https://www.algolia.com/blog/product/how-to-integrate-algolia-recommend-with-instagram-ads-1,blog-post,learn,seo-acquisition,Get started,https://dashboard.algolia.com/users/sign_up,true
https://www.algolia.com/blog/product/how-when-and-why-do-mobile-users-engage-with-search,blog-post,learn,seo-acquisition,Get started,https://dashboard.algolia.com/users/sign_up,true
https://www.algolia.com/blog/product/import-events-google-analytics-connector,blog-post,learn,seo-acquisition,Get started,https://dashboard.algolia.com/users/sign_up,true
https://www.algolia.com/blog/product/introducing-agent-studio,blog-post,learn,seo-acquisition,_Get Started with Agent Studio_,https://www.algolia.com/doc/guides/algolia-ai/agent-studio/,true
https://www.algolia.com/blog/product/ingesting-data-from-adobe-experience-manager-aem-for-search-discovery,blog-post,learn,seo-acquisition,Get started,https://dashboard.algolia.com/users/sign_up,true
https://www.algolia.com/blog/product/introducing-algolia-for-flutter,blog-post,learn,seo-acquisition,Get started,https://dashboard.algolia.com/users/sign_up,true
https://www.algolia.com/blog/product/introducing-ai-personalization,blog-post,learn,seo-acquisition,Get started,https://dashboard.algolia.com/users/sign_up,true
https://www.algolia.com/blog/product/introducing-algolia-neuralsearch,blog-post,learn,seo-acquisition,Get started,https://dashboard.algolia.com/users/sign_up,true
https://www.algolia.com/blog/product/introducing-easier-onboarding-and-activation-with-connectors-jul-26th-2022-product,blog-post,learn,seo-acquisition,Get started,https://dashboard.algolia.com/users/sign_up,true
https://www.algolia.com/blog/product/introducing-sitesearch,blog-post,learn,seo-acquisition,Get started,https://dashboard.algolia.com/users/sign_up,true
https://www.algolia.com/blog/product/introducing-algolia-for-flutter-build-beautiful-search-experiences-1,blog-post,learn,seo-acquisition,Get started,https://dashboard.algolia.com/users/sign_up,true
https://www.algolia.com/blog/product/introducing-dynamic-facets,blog-post,learn,seo-acquisition,Get started,https://dashboard.algolia.com/users/sign_up,true
https://www.algolia.com/blog/product/introducing-algolia-recommend-the-next-best-way-for-developers-to-increase-revenue,blog-post,learn,seo-acquisition,Get started,https://dashboard.algolia.com/users/sign_up,true
https://www.algolia.com/blog/product/introducing-neuralsearch-presets,blog-post,learn,seo-acquisition,Get started,https://dashboard.algolia.com/users/sign_up,true
https://www.algolia.com/blog/product/keeping-your-algolia-search-index-up-to-date,blog-post,learn,seo-acquisition,Get started,https://dashboard.algolia.com/users/sign_up,true
https://www.algolia.com/blog/product/knowledge-management-what-is-it-and-why-do-we-need-knowledge-management-systems,blog-post,learn,seo-acquisition,Get started,https://dashboard.algolia.com/users/sign_up,true
https://www.algolia.com/blog/product/introducing-our-new-navigation,blog-post,learn,seo-acquisition,Get started,https://dashboard.algolia.com/users/sign_up,true
https://www.algolia.com/blog/product/learn-about-site-search-best-practices,blog-post,learn,seo-acquisition,Get started,https://dashboard.algolia.com/users/sign_up,true
https://www.algolia.com/blog/product/introducing-query-suggestions-better-autocomplete,blog-post,learn,seo-acquisition,Get started,https://dashboard.algolia.com/users/sign_up,true
https://www.algolia.com/blog/product/leveraging-adobe-analytics-for-algolia-search,blog-post,learn,seo-acquisition,Get started,https://dashboard.algolia.com/users/sign_up,true
https://www.algolia.com/blog/product/leveraging-adobe-launch-events-in-algolia-for-personalization,blog-post,learn,seo-acquisition,Get started,https://dashboard.algolia.com/users/sign_up,true
https://www.algolia.com/blog/product/make-disorganized-content-discoverable,blog-post,learn,seo-acquisition,Get started,https://dashboard.algolia.com/users/sign_up,true
https://www.algolia.com/blog/product/magento-2-our-new-extension-is-here-and-it-s-full-of-new-features,blog-post,learn,seo-acquisition,Get started,https://dashboard.algolia.com/users/sign_up,true
https://www.algolia.com/blog/product/manual-synonyms-explanation,blog-post,learn,seo-acquisition,Get started,https://dashboard.algolia.com/users/sign_up,true
https://www.algolia.com/blog/product/measuring-ecommerce-conversion-rates-and-revenue-with-a-profit-calculator,blog-post,learn,seo-acquisition,Get started,https://dashboard.algolia.com/users/sign_up,true
https://www.algolia.com/blog/product/meet-ask-ai,blog-post,learn,seo-acquisition,Get started,https://dashboard.algolia.com/users/sign_up,true
https://www.algolia.com/blog/product/new-experimental-version-of-hacker-news-search-built-with-algolia,blog-post,learn,seo-acquisition,Get started,https://dashboard.algolia.com/users/sign_up,true
https://www.algolia.com/blog/product/personalization-beyond-the-5ws,blog-post,learn,seo-acquisition,Get started,https://dashboard.algolia.com/users/sign_up,true
https://www.algolia.com/blog/product/picture-search-how-does-an-image-finder-search-engine-work,blog-post,learn,seo-acquisition,Get started,https://dashboard.algolia.com/users/sign_up,true
https://www.algolia.com/blog/product/new-ai-capabilities-available-to-algolia-customers-query-categorization,blog-post,learn,seo-acquisition,Get started,https://dashboard.algolia.com/users/sign_up,true
https://www.algolia.com/blog/product/neuralsearch-search-experience,blog-post,learn,seo-acquisition,Get started,https://dashboard.algolia.com/users/sign_up,true
https://www.algolia.com/blog/product/new-ab-testing-estimator,blog-post,learn,seo-acquisition,Get started,https://dashboard.algolia.com/users/sign_up,true
https://www.algolia.com/blog/product/multi-signal-ranking,blog-post,learn,seo-acquisition,Talk to an expert to get started with a free trial,https://www.algolia.com/lp/airanking-talk-to-an-expert?utm_camp_parent=cust_exp&utm_2nd_camp=airc&utm_source=&utm_medium=blog,true
https://www.algolia.com/blog/product/mysql-elasticsearch-google-analytics-no-code-connectors,blog-post,learn,seo-acquisition,Get started,https://dashboard.algolia.com/users/sign_up,true
https://www.algolia.com/blog/product/query-understanding-101,blog-post,learn,seo-acquisition,Get started,https://dashboard.algolia.com/users/sign_up,true
https://www.algolia.com/blog/product/powering-advanced-search-in-adobe-pwa-studio-using-algolia,blog-post,learn,seo-acquisition,Get started,https://dashboard.algolia.com/users/sign_up,true
https://www.algolia.com/blog/product/retail-innovations-peak-season,blog-post,learn,seo-acquisition,Get started,https://dashboard.algolia.com/users/sign_up,true
https://www.algolia.com/blog/product/reducing-precision-custom-ranking-values,blog-post,learn,seo-acquisition,Get started,https://dashboard.algolia.com/users/sign_up,true
https://www.algolia.com/blog/product/recommendation-analytics,blog-post,learn,seo-acquisition,Get started,https://dashboard.algolia.com/users/sign_up,true
https://www.algolia.com/blog/product/real-time-personalization,blog-post,learn,seo-acquisition,Get started,https://dashboard.algolia.com/users/sign_up,true
https://www.algolia.com/blog/product/sanity-algolia-add-search-to-an-open-source-headless-cms,blog-post,learn,seo-acquisition,Get started,https://dashboard.algolia.com/users/sign_up,true
https://www.algolia.com/blog/product/search-doesn-t-have-to-be-a-blocker-unleashing-media-content-at-scale,blog-post,learn,seo-acquisition,Get started,https://dashboard.algolia.com/users/sign_up,true
https://www.algolia.com/blog/product/sailing-the-search-seas-with-algolia-docsearch,blog-post,learn,seo-acquisition,Get started,https://dashboard.algolia.com/users/sign_up,true
https://www.algolia.com/blog/product/search-for-facet-values,blog-post,learn,seo-acquisition,Get started,https://dashboard.algolia.com/users/sign_up,true
https://www.algolia.com/blog/product/search-your-knowledge-base-quickly-and-easily-with-algolia-for-zendesk,blog-post,learn,seo-acquisition,Get started,https://community.algolia.com/zendesk/,true
https://www.algolia.com/blog/product/search-your-knowledge-base-quickly-and-easily-with-algolia-for-zendesk-1,blog-post,learn,seo-acquisition,Get started,https://community.algolia.com/zendesk/,true
https://www.algolia.com/blog/product/search-your-marketplace-like-a-boss,blog-post,learn,seo-acquisition,Get started,https://dashboard.algolia.com/users/sign_up,true
https://www.algolia.com/blog/product/site-search-and-apis-how-they-work-together,blog-post,learn,seo-acquisition,Get started,https://dashboard.algolia.com/users/sign_up,true
https://www.algolia.com/blog/product/site-search-and-seo,blog-post,learn,seo-acquisition,Request a demo,https://www.algolia.com/demorequest/,true
https://www.algolia.com/blog/product/semantic-textual-similarity-a-game-changer-for-search-results-and-recommendations,blog-post,learn,seo-acquisition,Get started,https://dashboard.algolia.com/users/sign_up,true
https://www.algolia.com/blog/product/semantic-search-how-it-works-who-its-for,blog-post,learn,seo-acquisition,Get started,https://dashboard.algolia.com/users/sign_up,true
https://www.algolia.com/blog/product/semantic-search-the-next-big-thing-in-search-engine-technology,blog-post,learn,seo-acquisition,Get started,https://dashboard.algolia.com/users/sign_up,true
https://www.algolia.com/blog/product/site-search-index-strategy,blog-post,learn,seo-acquisition,Get started,https://dashboard.algolia.com/users/sign_up,true
https://www.algolia.com/blog/product/slashing-no-results-pages-with-semantic-agentic-search,blog-post,learn,seo-acquisition,Get started,https://dashboard.algolia.com/users/sign_up,true
https://www.algolia.com/blog/product/six-features-to-consider-when-selecting-a-site-search-tool,blog-post,learn,seo-acquisition,Get started,https://dashboard.algolia.com/users/sign_up,true
https://www.algolia.com/blog/product/stripe-projects,blog-post,learn,seo-acquisition,Get started,https://dashboard.algolia.com/users/sign_up,true
https://www.algolia.com/blog/product/sunsetting-our-places-feature,blog-post,learn,seo-acquisition,Get started,https://dashboard.algolia.com/users/sign_up,true
https://www.algolia.com/blog/product/supporting-speech-to-text-across-browsers-for-voice-search,blog-post,learn,seo-acquisition,Get started,https://dashboard.algolia.com/users/sign_up,true
https://www.algolia.com/blog/product/the-5-principles-of-api-first-development-and-what-does-api-first-even-mean,blog-post,learn,seo-acquisition,Get started,https://dashboard.algolia.com/users/sign_up,true
https://www.algolia.com/blog/product/the-guiding-principles-of-instantsearch,blog-post,learn,seo-acquisition,Get started,https://dashboard.algolia.com/users/sign_up,true
https://www.algolia.com/blog/product/the-almost-comprehensive-list-of-resources-for-developers-to-evaluate-algolia,blog-post,learn,seo-acquisition,Get started,https://dashboard.algolia.com/users/sign_up,true
https://www.algolia.com/blog/product/the-benefits-of-custom-internal-site-search,blog-post,learn,seo-acquisition,Get started,https://dashboard.algolia.com/users/sign_up,true
https://www.algolia.com/blog/product/transforming-your-algolia-experience-with-data-transformation,blog-post,learn,seo-acquisition,Get started,https://dashboard.algolia.com/users/sign_up,true
https://www.algolia.com/blog/product/three-tools-built-with-agent-studio,blog-post,learn,seo-acquisition,Get started,https://dashboard.algolia.com/users/sign_up,true
https://www.algolia.com/blog/product/top-6-tips-for-delivering-a-next-level-search-and-discovery-experience,blog-post,learn,seo-acquisition,Get started,https://dashboard.algolia.com/users/sign_up,true
https://www.algolia.com/blog/product/the-ultimate-guide-to-site-search,blog-post,learn,seo-acquisition,Get started,https://dashboard.algolia.com/users/sign_up,true
https://www.algolia.com/blog/product/unveiling-the-search-algorithm-how-algolia-improved-search,blog-post,learn,seo-acquisition,Get started,https://dashboard.algolia.com/users/sign_up,true
https://www.algolia.com/blog/product/three-new-features-for-merchandisers,blog-post,learn,seo-acquisition,Get started,https://dashboard.algolia.com/users/sign_up,true
https://www.algolia.com/blog/product/unlock-organizational-knowledge-with-searchable-company-wide-data,blog-post,learn,seo-acquisition,Get started,https://dashboard.algolia.com/users/sign_up,true
https://www.algolia.com/blog/product/visual-search-how-does-an-image-finder-search-engine-work,blog-post,learn,seo-acquisition,Get started,https://dashboard.algolia.com/users/sign_up,true
https://www.algolia.com/blog/product/voice-search-the-latest-statistics-and-trends-for-2022-and-beyond,blog-post,learn,seo-acquisition,Get started,https://dashboard.algolia.com/users/sign_up,true
https://www.algolia.com/blog/product/using-a-semantic-package-to-accelerate-analytics,blog-post,learn,seo-acquisition,Get started,https://dashboard.algolia.com/users/sign_up,true
https://www.algolia.com/blog/product/what-are-data-privacy-and-data-security-why-are-they-critical-for-an-organization,blog-post,learn,seo-acquisition,Get started,https://dashboard.algolia.com/users/sign_up,true
https://www.algolia.com/blog/product/what-is-a-headless-cms-content-management-system,blog-post,learn,seo-acquisition,Get started,https://dashboard.algolia.com/users/sign_up,true
https://www.algolia.com/blog/product/what-are-media-content-recommendations-and-why-are-they-important,blog-post,learn,seo-acquisition,Get started,https://dashboard.algolia.com/users/sign_up,true
https://www.algolia.com/blog/product/what-does-near-real-time-mean-in-terms-of-search-and-discovery-on-websites-and-in-apps,blog-post,learn,seo-acquisition,Get started,https://dashboard.algolia.com/users/sign_up,true
https://www.algolia.com/blog/product/what-is-a-search-engine-database,blog-post,learn,seo-acquisition,Get started,https://dashboard.algolia.com/users/sign_up,true
https://www.algolia.com/blog/product/what-is-a-rest-api,blog-post,learn,seo-acquisition,Get started,https://dashboard.algolia.com/users/sign_up,true
https://www.algolia.com/blog/product/what-is-a-recommender-system-recommendation-engine,blog-post,learn,seo-acquisition,Get started,https://dashboard.algolia.com/users/sign_up,true
https://www.algolia.com/blog/product/what-is-a-relational-database,blog-post,learn,seo-acquisition,Get started,https://dashboard.algolia.com/users/sign_up,true
https://www.algolia.com/blog/product/what-is-an-entity-relationship-model-diagram-and-how-can-it-strengthen-your-recommendations--1,blog-post,learn,seo-acquisition,Get started,https://dashboard.algolia.com/users/sign_up,true
https://www.algolia.com/blog/product/what-is-an-entity-relationship-model-diagram-and-how-can-it-strengthen-your-recommendations,blog-post,learn,seo-acquisition,Get started,https://dashboard.algolia.com/users/sign_up,true
https://www.algolia.com/blog/product/what-is-a-product-recommender-or-product-recommendation-engine,blog-post,learn,seo-acquisition,Get started,https://dashboard.algolia.com/users/sign_up,true
https://www.algolia.com/blog/product/what-is-an-intranet-search-engine,blog-post,learn,seo-acquisition,Get started,https://dashboard.algolia.com/users/sign_up,true
https://www.algolia.com/blog/product/what-is-a-search-index-and-how-does-it-work,blog-post,learn,seo-acquisition,Get started,https://dashboard.algolia.com/users/sign_up,true
https://www.algolia.com/blog/product/what-is-a-vector-database,blog-post,learn,seo-acquisition,Get started,https://dashboard.algolia.com/users/sign_up,true
https://www.algolia.com/blog/product/what-is-a-search-query-and-how-is-it-processed-by-a-search-engine,blog-post,learn,seo-acquisition,Get started,https://dashboard.algolia.com/users/sign_up,true
https://www.algolia.com/blog/product/what-is-an-api,blog-post,learn,seo-acquisition,Get started,https://dashboard.algolia.com/users/sign_up,true
https://www.algolia.com/blog/product/what-is-an-intranet-search-engine--1,blog-post,learn,seo-acquisition,Get started,https://dashboard.algolia.com/users/sign_up,true
https://www.algolia.com/blog/product/what-is-enterprise-search-and-how-does-it-benefit-your-organizations-employees-and-consumers,blog-post,learn,seo-acquisition,Request a demo,http://www.algolia.com/demorequest,true
https://www.algolia.com/blog/product/what-is-fake-headless-how-to-spot-fake-headless-and-select-world-class-microservices,blog-post,learn,seo-acquisition,Get started,https://dashboard.algolia.com/users/sign_up,true
https://www.algolia.com/blog/product/what-is-headless-commerce,blog-post,learn,seo-acquisition,Get started,https://dashboard.algolia.com/users/sign_up,true
https://www.algolia.com/blog/product/what-is-natural-language-understanding,blog-post,learn,seo-acquisition,Get started,https://dashboard.algolia.com/users/sign_up,true
https://www.algolia.com/blog/product/what-is-natural-language-processing-and-how-is-it-leveraged-by-search-tools-software,blog-post,learn,seo-acquisition,Get started,https://dashboard.algolia.com/users/sign_up,true
https://www.algolia.com/blog/product/what-is-headless-ecommerce-and-how-does-it-work,blog-post,learn,seo-acquisition,Get started,https://dashboard.algolia.com/users/sign_up,true
https://www.algolia.com/blog/product/what-is-natural-language-search,blog-post,learn,seo-acquisition,Get started,https://dashboard.algolia.com/users/sign_up,true
https://www.algolia.com/blog/product/what-is-k-means-clustering-an-introduction,blog-post,learn,seo-acquisition,Get started,https://dashboard.algolia.com/users/sign_up,true
https://www.algolia.com/blog/product/what-is-natural-language-understanding-and-how-is-it-different-from-nlp,blog-post,learn,seo-acquisition,Get started,https://dashboard.algolia.com/users/sign_up,true
https://www.algolia.com/blog/product/what-is-search-relevance,blog-post,learn,seo-acquisition,Get started,https://dashboard.algolia.com/users/sign_up,true
https://www.algolia.com/blog/product/what-is-search-relevance-in-the-era-of-browsing-discovery-and-recommendations,blog-post,learn,seo-acquisition,Get started,https://dashboard.algolia.com/users/sign_up,true
https://www.algolia.com/blog/product/what-is-voice-search-optimization-tips-tricks-and-software-tools,blog-post,learn,seo-acquisition,Get started,https://dashboard.algolia.com/users/sign_up,true
https://www.algolia.com/blog/product/what-is-site-search,blog-post,learn,seo-acquisition,Get started,https://dashboard.algolia.com/users/sign_up,true
https://www.algolia.com/blog/product/what-s-new-with-algolia-recommend-spring-release-showcase-recap-webinar,blog-post,learn,seo-acquisition,request a demo,https://www.algolia.com/demorequest/,true
https://www.algolia.com/blog/product/what-to-look-for-in-a-search-api,blog-post,learn,seo-acquisition,Get started,https://dashboard.algolia.com/users/sign_up,true
https://www.algolia.com/blog/product/white-labeling-and-matchmaking-technology-in-a-growing-digital-marketplace,blog-post,learn,seo-acquisition,Get started,https://dashboard.algolia.com/users/sign_up,true
https://www.algolia.com/blog/product/why-is-a-knowledge-management-system-crucial-for-your-employees,blog-post,learn,seo-acquisition,Get started,https://dashboard.algolia.com/users/sign_up,true
https://www.algolia.com/blog/product/why-is-site-search-so-essential-in-todays-digital-economy,blog-post,learn,seo-acquisition,Get started,https://dashboard.algolia.com/users/sign_up,true
https://www.algolia.com/blog/product/why-we-recommend-recommend-to-make-recommendations,blog-post,learn,seo-acquisition,Get started,https://dashboard.algolia.com/users/sign_up,true
https://www.algolia.com/blog/ux/5-ways-to-a-b-test-your-search-for-relevance,blog-post,learn,seo-acquisition,Get started,https://dashboard.algolia.com/users/sign_up,true
https://www.algolia.com/blog/ux/3-examples-to-help-you-transform-the-no-results-search-results-page,blog-post,learn,seo-acquisition,Get started,https://dashboard.algolia.com/users/sign_up,true
https://www.algolia.com/blog/ux/auto-suggest-best-practices-for-autocomplete-suggestion,blog-post,learn,seo-acquisition,Get started,https://dashboard.algolia.com/users/sign_up,true
https://www.algolia.com/blog/ux/agentic-ui-for-ecommerce,blog-post,learn,seo-acquisition,Get started,https://dashboard.algolia.com/users/sign_up,true
https://www.algolia.com/blog/ux/7-examples-of-great-site-search-ui,blog-post,learn,seo-acquisition,Get started,https://dashboard.algolia.com/users/sign_up,true
https://www.algolia.com/blog/ux/autocomplete-predictive-search-a-key-to-online-conversion,blog-post,learn,seo-acquisition,Get started,https://dashboard.algolia.com/users/sign_up,true
https://www.algolia.com/blog/ux/ai-improve-user-experience,blog-post,learn,seo-acquisition,Get started,https://dashboard.algolia.com/users/sign_up,true
https://www.algolia.com/blog/ux/choosing-the-right-enterprise-search-platform-what-s-important,blog-post,learn,seo-acquisition,Get started,https://dashboard.algolia.com/users/sign_up,true
https://www.algolia.com/blog/ux,blog-post,learn,seo-acquisition,Get started,https://dashboard.algolia.com/users/sign_up,true
https://www.algolia.com/blog/ux/best-practices-for-site-search-ui-design-patterns,blog-post,learn,seo-acquisition,Get started,https://dashboard.algolia.com/users/sign_up,true
https://www.algolia.com/blog/ux/dealing-with-choice-overload-when-designing-navigation-for-ecommerce,blog-post,learn,seo-acquisition,Get started,https://dashboard.algolia.com/users/sign_up,true
https://www.algolia.com/blog/ux/faceted-search-and-navigation,blog-post,learn,seo-acquisition,Get started,https://dashboard.algolia.com/users/sign_up,true
https://www.algolia.com/blog/ux/autocomplete-beyond-search-engaging-users-with-next-level-ux,blog-post,learn,seo-acquisition,Get started,https://dashboard.algolia.com/users/sign_up,true
https://www.algolia.com/blog/ux/autocomplete-how-search-suggestions-increase-conversions,blog-post,learn,seo-acquisition,Get started,https://dashboard.algolia.com/users/sign_up,true
https://www.algolia.com/blog/ux/faceted-search-an-overview,blog-post,learn,seo-acquisition,Get started,https://dashboard.algolia.com/users/sign_up,true
https://www.algolia.com/blog/ux/fanfootage-solving-the-search-problem-with-algolia,blog-post,learn,seo-acquisition,Get started,https://dashboard.algolia.com/users/sign_up,true
https://www.algolia.com/blog/ux/filters-vs-facets-in-site-search,blog-post,learn,seo-acquisition,Get started,https://dashboard.algolia.com/users/sign_up,true
https://www.algolia.com/blog/ux/genai-design-principles-to-genai-powered-apps,blog-post,learn,seo-acquisition,Get started,https://dashboard.algolia.com/users/sign_up,true
https://www.algolia.com/blog/ux/how-can-related-product-recommendations-boost-engagement-and-roi,blog-post,learn,seo-acquisition,Get started,https://dashboard.algolia.com/users/sign_up,true
https://www.algolia.com/blog/ux/google-core-web-vitals-seo-rankings-search-bar-optimization,blog-post,learn,seo-acquisition,Get started,https://dashboard.algolia.com/users/sign_up,true
https://www.algolia.com/blog/ux/how-can-recommending-frequently-bought-together-products-increase-roi,blog-post,learn,seo-acquisition,Get started,https://dashboard.algolia.com/users/sign_up,true
https://www.algolia.com/blog/ux/how-movie-and-video-recommendations-work-and-why-streaming-services-must-get-it-right,blog-post,learn,seo-acquisition,Get started,https://dashboard.algolia.com/users/sign_up,true
https://www.algolia.com/blog/ux/how-leveraging-search-analytics-can-boost-user-engagement-and-roi,blog-post,learn,seo-acquisition,Get started,https://dashboard.algolia.com/users/sign_up,true
https://www.algolia.com/blog/ux/how-to-create-the-best-search-engine-experience,blog-post,learn,seo-acquisition,Get started,https://dashboard.algolia.com/users/sign_up,true
https://www.algolia.com/blog/ux/how-does-a-music-recommendations-algorithm-work-to-boost-user-engagement,blog-post,learn,seo-acquisition,Get started,https://dashboard.algolia.com/users/sign_up,true
https://www.algolia.com/blog/ux/how-does-autocomplete-maximize-the-power-of-search,blog-post,learn,seo-acquisition,Get started,https://dashboard.algolia.com/users/sign_up,true
https://www.algolia.com/blog/ux/how-related-content-recommendations-keep-users-engaged,blog-post,learn,seo-acquisition,Get started,https://dashboard.algolia.com/users/sign_up,true
https://www.algolia.com/blog/ux/how-the-benefits-of-knowledge-management-software-can-transform-your-business,blog-post,learn,seo-acquisition,Get started,https://dashboard.algolia.com/users/sign_up,true
https://www.algolia.com/blog/ux/how-to-use-microcopy-to-improve-ux,blog-post,learn,seo-acquisition,Get started,https://dashboard.algolia.com/users/sign_up,true
https://www.algolia.com/blog/ux/how-to-streamline-your-search-ux-design,blog-post,learn,seo-acquisition,Get started,https://dashboard.algolia.com/users/sign_up,true
https://www.algolia.com/blog/ux/information-density-and-progressive-disclosure-search-ux,blog-post,learn,seo-acquisition,Get started,https://dashboard.algolia.com/users/sign_up,true
https://www.algolia.com/blog/ux/improve-enterprise-workplace-search-efficiency,blog-post,learn,seo-acquisition,Get started,https://dashboard.algolia.com/users/sign_up,true
https://www.algolia.com/blog/ux/mobile-search-done-right-common-pitfalls-and-best-practices,blog-post,learn,seo-acquisition,Get started,https://dashboard.algolia.com/users/sign_up,true
https://www.algolia.com/blog/ux/how-to-use-site-search-as-a-marketing-tool,blog-post,learn,seo-acquisition,Get started,https://dashboard.algolia.com/users/sign_up,true
https://www.algolia.com/blog/ux/marketplace-search-3-challenges-to-building-a-robust-user-experience,blog-post,learn,seo-acquisition,Get started,https://dashboard.algolia.com/users/sign_up,true
https://www.algolia.com/blog/ux/introducing-user-data-profiles-for-personalized-and-privacy-aware-experiences,blog-post,learn,seo-acquisition,Get started,https://dashboard.algolia.com/users/sign_up,true
https://www.algolia.com/blog/ux/mobile-search-ux-best-practices,blog-post,learn,seo-acquisition,Get started,https://dashboard.algolia.com/users/sign_up,true
https://www.algolia.com/blog/ux/mobile-search-ux-part-three-seach-results-display,blog-post,learn,seo-acquisition,Get started,https://dashboard.algolia.com/users/sign_up,true
https://www.algolia.com/blog/ux/mobile-search-ux-part-two-deconstructing-mobile-search,blog-post,learn,seo-acquisition,Get started,https://dashboard.algolia.com/users/sign_up,true
https://www.algolia.com/blog/ux/mobile-search-and-discovery-how-to-create-ultra-user-friendly-ux,blog-post,learn,seo-acquisition,Get started,https://dashboard.algolia.com/users/sign_up,true
https://www.algolia.com/blog/ux/mobile-search-ux-8-obstacles,blog-post,learn,seo-acquisition,Get started,https://dashboard.algolia.com/users/sign_up,true
https://www.algolia.com/blog/ux/mobile-apps-and-mobile-app-search-the-past-present-and-future,blog-post,learn,seo-acquisition,Get started,https://dashboard.algolia.com/users/sign_up,true
https://www.algolia.com/blog/ux/nlp-nlu-as-part-of-semantic-search,blog-post,learn,seo-acquisition,Get started,https://dashboard.algolia.com/users/sign_up,true
https://www.algolia.com/blog/ux/query-relaxation-and-scoping-as-part-of-semantic-search,blog-post,learn,seo-acquisition,Get started,https://dashboard.algolia.com/users/sign_up,true
https://www.algolia.com/blog/ux/principles-of-great-agentic-search-experiences,blog-post,learn,seo-acquisition,Get started,https://dashboard.algolia.com/users/sign_up,true
https://www.algolia.com/blog/ux/taking-documentation-search-to-new-heights-with-algolia-and-autocomplete,blog-post,learn,seo-acquisition,Get started,https://dashboard.algolia.com/users/sign_up,true
https://www.algolia.com/blog/ux/suggested-search-and-autocomplete-what-is-it-and-how-does-it-work,blog-post,learn,seo-acquisition,Get started,https://dashboard.algolia.com/users/sign_up,true
https://www.algolia.com/blog/ux/replicating-the-algolia-documentation-search-with-autocomplete,blog-post,learn,seo-acquisition,Get started,https://dashboard.algolia.com/users/sign_up,true
https://www.algolia.com/blog/ux/search-filter-ux-best-practices,blog-post,learn,seo-acquisition,Get started,https://dashboard.algolia.com/users/sign_up,true
https://www.algolia.com/blog/ux/search-personalization-101,blog-post,learn,seo-acquisition,Get started,https://dashboard.algolia.com/users/sign_up,true
https://www.algolia.com/blog/ux/semantic-search-returns-knowledge-and-answers-your-questions,blog-post,learn,seo-acquisition,Get started,https://dashboard.algolia.com/users/sign_up,true
https://www.algolia.com/blog/ux/semantics-definition-examples-and-relevance-within-the-search-industry,blog-post,learn,seo-acquisition,Get started,https://dashboard.algolia.com/users/sign_up,true
https://www.algolia.com/blog/ux/site-search-content-discovery,blog-post,learn,seo-acquisition,Get started,https://dashboard.algolia.com/users/sign_up,true
https://www.algolia.com/blog/ux/the-3-key-search-box-ux-design-elements,blog-post,learn,seo-acquisition,Get started,https://dashboard.algolia.com/users/sign_up,true
https://www.algolia.com/blog/ux/the-benefits-of-powerful-accurate-in-app-search,blog-post,learn,seo-acquisition,Get started,https://dashboard.algolia.com/users/sign_up,true
https://www.algolia.com/blog/ux/the-knowledge-management-process-4-steps-to-corporate-success,blog-post,learn,seo-acquisition,Get started,https://dashboard.algolia.com/users/sign_up,true
https://www.algolia.com/blog/ux/what-best-in-class-commerce-agents-actually-look-like,blog-post,learn,seo-acquisition,Get started,https://dashboard.algolia.com/users/sign_up,true
https://www.algolia.com/blog/ux/what-are-semantic-keywords,blog-post,learn,seo-acquisition,Get started,https://dashboard.algolia.com/users/sign_up,true
https://www.algolia.com/blog/ux/what-are-predictive-search-and-autocomplete,blog-post,learn,seo-acquisition,Get started,https://dashboard.algolia.com/users/sign_up,true
https://www.algolia.com/blog/ux/what-is-a-headless-website-a-definition-and-examples,blog-post,learn,seo-acquisition,Get started,https://dashboard.algolia.com/users/sign_up,true
https://www.algolia.com/blog/ux/what-are-search-based-applications,blog-post,learn,seo-acquisition,Get started,https://dashboard.algolia.com/users/sign_up,true
https://www.algolia.com/blog/ux/web-content-accessibility-guidelines-wcag-how-to-make-site-search-work-for-people-with-disabilities,blog-post,learn,seo-acquisition,Get started,https://dashboard.algolia.com/users/sign_up,true
https://www.algolia.com/blog/ux/voice-search-statistics-you-need-to-know-for-2020,blog-post,learn,seo-acquisition,Get started,https://dashboard.algolia.com/users/sign_up,true
https://www.algolia.com/blog/ux/what-are-search-based-applications--1,blog-post,learn,seo-acquisition,Get started,https://dashboard.algolia.com/users/sign_up,true
https://www.algolia.com/blog/ux/what-are-personalized-recommendations-and-how-can-they-boost-engagement-and-conversion,blog-post,learn,seo-acquisition,Get started,https://dashboard.algolia.com/users/sign_up,true
https://www.algolia.com/blog/ux/what-is-a-customer-journey-map-algolia,blog-post,learn,seo-acquisition,Get started,https://dashboard.algolia.com/users/sign_up,true
https://www.algolia.com/blog/ux/what-does-ecommerce-personalization-actually-mean,blog-post,learn,seo-acquisition,Get started,https://dashboard.algolia.com/users/sign_up,true
https://www.algolia.com/blog/ux/voice-search-statistics-you-need-to-know-for-1,blog-post,learn,seo-acquisition,Get started,https://dashboard.algolia.com/users/sign_up,true
https://www.algolia.com/blog/ux/what-is-an-intelligent-workplace-and-how-does-it-improve-productivity-and-the-employee-experience,blog-post,learn,seo-acquisition,Get started,https://dashboard.algolia.com/users/sign_up,true
https://www.algolia.com/blog/ux/what-is-content-discovery-and-how-can-you-make-it-easier-for-your-users-to-find-what-they-want,blog-post,learn,seo-acquisition,Get started,https://dashboard.algolia.com/users/sign_up,true
https://www.algolia.com/blog/ux/what-is-buyer-intent-and-why-is-analyzing-it-key-for-your-bottom-line,blog-post,learn,seo-acquisition,Get started,https://dashboard.algolia.com/users/sign_up,true
https://www.algolia.com/blog/ux/what-is-content-recommendation-i,blog-post,learn,seo-acquisition,Get started,https://dashboard.algolia.com/users/sign_up,true
https://www.algolia.com/blog/ux/what-is-knowledge-centered-service,blog-post,learn,seo-acquisition,Get started,https://dashboard.algolia.com/users/sign_up,true
https://www.algolia.com/blog/ux/what-is-intent-data-and-how-can-you-use-it-to-predict-user-intent-and-increase-roi,blog-post,learn,seo-acquisition,Get started,https://dashboard.algolia.com/users/sign_up,true
https://www.algolia.com/blog/ux/what-is-knowledge-centered-service--1,blog-post,learn,seo-acquisition,Get started,https://dashboard.algolia.com/users/sign_up,true
https://www.algolia.com/blog/ux/what-is-intelligent-search-and-how-does-it-work,blog-post,learn,seo-acquisition,Get started,https://dashboard.algolia.com/users/sign_up,true
https://www.algolia.com/blog/ux/what-is-document-indexing,blog-post,learn,seo-acquisition,Get started,https://dashboard.algolia.com/users/sign_up,true
https://www.algolia.com/blog/ux/what-is-federated-search,blog-post,learn,seo-acquisition,Get started,https://dashboard.algolia.com/users/sign_up,true
https://www.algolia.com/careers,careers,apply,trust-building,Get started,https://dashboard.algolia.com/users/sign_up,true
https://www.algolia.com/blog/ux/what-makes-up-a-knowledge-management-system-how-do-you-choose-the-best-option,blog-post,learn,seo-acquisition,Get started,https://dashboard.algolia.com/users/sign_up,true
https://www.algolia.com/blog/ux/what-is-voice-search,blog-post,learn,seo-acquisition,Get started,https://dashboard.algolia.com/users/sign_up,true
https://www.algolia.com/blog/ux/what-is-search-as-a-service,blog-post,learn,seo-acquisition,Get started,https://dashboard.algolia.com/users/sign_up,true
https://www.algolia.com/blog/ux/what-is-meant-by-search-intent-and-what-are-the-different-types,blog-post,learn,seo-acquisition,Get started,https://dashboard.algolia.com/users/sign_up,true
https://www.algolia.com/careers/benefits,careers,apply,trust-building,Get started,https://dashboard.algolia.com/users/sign_up,true
https://www.algolia.com/blog/ux/what-is-latent-semantic-indexing-analysis-and-how-can-it-bolster-search,blog-post,learn,seo-acquisition,Get started,https://dashboard.algolia.com/users/sign_up,true
https://www.algolia.com/blog/ux/what-is-searchandising,blog-post,learn,seo-acquisition,Get started,https://dashboard.algolia.com/users/sign_up,true
https://www.algolia.com/competitors/compare-algolia-vs-athos,competitor-comparison,compare,conversion,Get a demo,https://www.algolia.com/demorequest,true
https://www.algolia.com/competitors,competitor-comparison,compare,conversion,Get a demo,https://www.algolia.com/competitors,true
https://www.algolia.com/competitors/compare-algolia-vs-coveo,competitor-comparison,compare,conversion,Get a demo,https://www.algolia.com/demorequest,true
https://www.algolia.com/competitors/compare-algolia-vs-bloomreach,competitor-comparison,compare,conversion,Get a demo,https://www.algolia.com/demorequest,true
https://www.algolia.com/competitors/compare-algolia-vs-vertex-ai,competitor-comparison,compare,conversion,Get a demo,https://www.algolia.com/demorequest,true
https://www.algolia.com/competitors/compare-algolia-vs-constructor,competitor-comparison,compare,conversion,Get a demo,https://www.algolia.com/demorequest,true
https://www.algolia.com/developers/code-exchange/query-rule-context,code-exchange,implement,enablement,Get started,https://dashboard.algolia.com/users/sign_up,true
https://www.algolia.com/customers,customer-story-hub,evaluate,trust-building,Request a demo,https://www.algolia.com/demorequest,true
https://www.algolia.com/contact,contact-sales,buy,conversion,Get started,https://dashboard.algolia.com/users/sign_up,true
https://www.algolia.com/developers/code-exchange/autocomplete-connector,code-exchange,implement,enablement,Get started,https://dashboard.algolia.com/users/sign_up,true
https://www.algolia.com/contactus,contact-sales,buy,conversion,,,true
https://www.algolia.com/customer-hub,customer-hub,troubleshoot,enablement,Download the TEI study,https://www.algolia.com/lp/algolia-forrester-tei-report-2026?utm_cta=homepagecarousel,true
https://www.algolia.com/competitors/compare-algolia-vs-elasticsearch,competitor-comparison,compare,conversion,Get a demo,https://www.algolia.com/demorequest,true
https://www.algolia.com/customers/Arcteryx,customer-story,evaluate,trust-building,Get a demo,https://www.algolia.com/demorequest,true
https://www.algolia.com/developers/lp-supabase,developer,implement,enablement,Get started,https://dashboard.algolia.com/users/sign_up,true
https://www.algolia.com/customers/mitre-10,customer-story,evaluate,trust-building,Get a demo,https://www.algolia.com/demorequest,true
https://www.algolia.com/customers/politico,customer-story,evaluate,trust-building,Get a demo,https://www.algolia.com/demorequest,true
https://www.algolia.com/master-list-for-code-exchnage,code-exchange,implement,enablement,Get started,https://dashboard.algolia.com/users/sign_up,true
https://www.algolia.com/developers/code-exchange/user-guided-flow-search,code-exchange,implement,enablement,Get started,https://dashboard.algolia.com/users/sign_up,true
https://www.algolia.com/developers/code-exchange/highlighting-flutter-component,code-exchange,implement,enablement,Get started,https://dashboard.algolia.com/users/sign_up,true
https://www.algolia.com/developers/code-exchange/twitter-like-autocomplete-with-mentions,code-exchange,implement,enablement,Get started,https://dashboard.algolia.com/users/sign_up,true
https://www.algolia.com/developers/code-exchange/akqa-composable-commerce-accelerator,code-exchange,implement,enablement,Get started,https://dashboard.algolia.com/users/sign_up,true
https://www.algolia.com/lp/infographic-black-friday-ecommerce-tips,landing-page,evaluate,conversion,Download the TEI study,https://www.algolia.com/lp/algolia-forrester-tei-report-2026?utm_cta=homepagecarousel,true
https://www.algolia.com/developers/code-exchange/query-suggestions,code-exchange,implement,enablement,Get started,https://dashboard.algolia.com/users/sign_up,true
https://www.algolia.com/developers/search-api-android,developer,implement,enablement,Get started,https://dashboard.algolia.com/users/sign_up,true
https://www.algolia.com/customers/pc-componentes,customer-story,evaluate,trust-building,Get a demo,https://www.algolia.com/demorequest,true
https://www.algolia.com/developers/search-api-python,developer,implement,enablement,Get started with Python,https://www.algolia.com/doc/api-client/getting-started/what-is-the-api-client/python/?client=python,true
https://www.algolia.com/customers/flaconi,customer-story,evaluate,trust-building,Get a demo,https://www.algolia.com/demorequest,true
https://www.algolia.com/developers/contentful-search-algolia,developer,implement,enablement,Get started,https://dashboard.algolia.com/users/sign_up,true
https://www.algolia.com/customers/sary,customer-story,evaluate,trust-building,Get a demo,https://www.algolia.com/demorequest,true
https://www.algolia.com/developers/django-python-framework,developer,implement,enablement,Get started for free,https://www.algolia.com/users/sign_up/,true
https://www.algolia.com/developers/code-exchange/integrate-shopify-with-algolia,code-exchange,implement,enablement,Get started,https://dashboard.algolia.com/users/sign_up,true
https://www.algolia.com/developers/code-exchange/integrate-markprompt-ai-chatbot-prompt,code-exchange,implement,enablement,Get started,https://dashboard.algolia.com/users/sign_up,true
https://www.algolia.com/developers/code-exchange/hacker-news,code-exchange,implement,enablement,Get started,https://dashboard.algolia.com/users/sign_up,true
https://www.algolia.com/developers/code-exchange/integrate-contentstack-with-algolia,code-exchange,implement,enablement,Get started,https://dashboard.algolia.com/users/sign_up,true
https://www.algolia.com/customers/huckberry,customer-story,evaluate,trust-building,Get a demo,https://www.algolia.com/demorequest,true
https://www.algolia.com/customers/nutscom,customer-story,evaluate,trust-building,Get a demo,https://www.algolia.com/demorequest,true
https://www.algolia.com/developers/code-exchange/dreambrush-dalle-3-ai-art-ui-template,code-exchange,implement,enablement,Get started,https://dashboard.algolia.com/users/sign_up,true
https://www.algolia.com/customers/ubisoft,customer-story,evaluate,trust-building,Get a demo,https://www.algolia.com/demorequest,true
https://www.algolia.com/customers/Breville-Group,customer-story,evaluate,trust-building,Get a demo,https://www.algolia.com/demorequest,true
https://www.algolia.com/customers/vape-superstore,customer-story,evaluate,trust-building,Get a demo,https://www.algolia.com/demorequest,true
https://www.algolia.com/customers/Clarks,customer-story,evaluate,trust-building,Get a demo,https://www.algolia.com/demorequest,true
https://www.algolia.com/developers/code-exchange/integrate-big-commerce-with-algolia,code-exchange,implement,enablement,Get started,https://dashboard.algolia.com/users/sign_up,true
https://www.algolia.com/customers/ergodyne,customer-story,evaluate,trust-building,Get a demo,https://www.algolia.com/demorequest,true
https://www.algolia.com/developers/code-exchange/stats-mobile-component,code-exchange,implement,enablement,Get started,https://dashboard.algolia.com/users/sign_up,true
https://www.algolia.com/developers/code-exchange/filter-map-mobile-component,code-exchange,implement,enablement,Get started,https://dashboard.algolia.com/users/sign_up,true
https://www.algolia.com/customers/orange,customer-story,evaluate,trust-building,Get a demo,https://www.algolia.com/demorequest,true
https://www.algolia.com/developers/code-exchange/date-range-picker,code-exchange,implement,enablement,Get started,https://dashboard.algolia.com/users/sign_up,true
https://www.algolia.com/developers/code-exchange/autocomplete-with-react-renderer,code-exchange,implement,enablement,Get started,https://dashboard.algolia.com/users/sign_up,true
https://www.algolia.com/customers/walgreens,customer-story,evaluate,trust-building,Get a demo,https://www.algolia.com/demorequest,true
https://www.algolia.com/developers/search-ui,developer,implement,enablement,Get started,https://dashboard.algolia.com/users/sign_up/,true
https://www.algolia.com/customers/gofundme,customer-story,evaluate,trust-building,Get a demo,https://www.algolia.com/demorequest,true
https://www.algolia.com/customers/auto-mercado,customer-story,evaluate,trust-building,Get a demo,https://www.algolia.com/demorequest,true
https://www.algolia.com/customers/Zenni,customer-story,evaluate,trust-building,Get a demo,https://www.algolia.com/demorequest,true
https://www.algolia.com/customers/dm-drogerie-markt,customer-story,evaluate,trust-building,Get a demo,https://www.algolia.com/demorequest,true
https://www.algolia.com/developers/code-exchange/clear-filter-flutter-component,code-exchange,implement,enablement,Get started,https://dashboard.algolia.com/users/sign_up,true
https://www.algolia.com/developers/code-exchange/integrate-movable-ink-with-algolia,code-exchange,implement,enablement,Get started,https://dashboard.algolia.com/users/sign_up,true
https://www.algolia.com/industries/grocery,industry,evaluate,conversion,Get a demo,https://www.algolia.com/demorequest,true
https://www.algolia.com/customers/rugs-com,customer-story,evaluate,trust-building,Get a demo,https://www.algolia.com/demorequest,true
https://www.algolia.com/customers/madeiramadeira,customer-story,evaluate,trust-building,Get a demo,https://www.algolia.com/demorequest,true
https://www.algolia.com/developers/code-exchange/filter-numeric-range-mobile-component,code-exchange,implement,enablement,Get started,https://dashboard.algolia.com/users/sign_up,true
https://www.algolia.com/developers/code-exchange/filter-toggle-flutter-component,code-exchange,implement,enablement,Get started,https://dashboard.algolia.com/users/sign_up,true
https://www.algolia.com/customers/studocu,customer-story,evaluate,trust-building,Get a demo,https://www.algolia.com/demorequest,true
https://www.algolia.com/developers/code-exchange/integrate-agility-with-algolia,code-exchange,implement,enablement,Get started,https://dashboard.algolia.com/users/sign_up,true
https://www.algolia.com/customers/co-op,customer-story,evaluate,trust-building,Get a demo,https://www.algolia.com/demorequest,true
https://www.algolia.com/customers/gemo,customer-story,evaluate,trust-building,Get a demo,https://www.algolia.com/demorequest,true
https://www.algolia.com/developers/code-exchange/integrate-kontent-ai-with-algolia,code-exchange,implement,enablement,Get started,https://dashboard.algolia.com/users/sign_up,true
https://www.algolia.com/developers/code-exchange/infinite-hits-paging-mobile-component,code-exchange,implement,enablement,Get started,https://dashboard.algolia.com/users/sign_up,true
https://www.algolia.com/customers/beachbody,customer-story,evaluate,trust-building,Get a demo,https://www.algolia.com/demorequest,true
https://www.algolia.com/customers/teachers-pay-teachers,customer-story,evaluate,trust-building,Get a demo,https://www.algolia.com/demorequest,true
https://www.algolia.com/customers/iu-health-trendyminds,customer-story,evaluate,trust-building,Get a demo,https://www.algolia.com/demorequest,true
https://www.algolia.com/developers/code-exchange/algolia-insights-autocomplete-plugin,code-exchange,implement,enablement,Get started,https://dashboard.algolia.com/users/sign_up,true
https://www.algolia.com/customers/plieger,customer-story,evaluate,trust-building,Get a demo,https://www.algolia.com/demorequest,true
https://www.algolia.com/resources/asset/video-dcongress-retail,resource,learn,seo-acquisition,Get a demo,https://www.algolia.com/demorequest/,true
https://www.algolia.com/distributed-secure/security-compliance,trust,evaluate,trust-building,,,true
https://www.algolia.com/customers/DocMorris,customer-story,evaluate,trust-building,Get a demo,https://www.algolia.com/demorequest,true
https://www.algolia.com/customers/everlane,customer-story,evaluate,trust-building,Get a demo,https://www.algolia.com/demorequest,true
https://www.algolia.com/developers/code-exchange/integrate-shogun-with-algolia,code-exchange,implement,enablement,Get started,https://dashboard.algolia.com/users/sign_up,true
https://www.algolia.com/developers/code-exchange/nuxt-swiftsearch,code-exchange,implement,enablement,Get started,https://dashboard.algolia.com/users/sign_up,true
https://www.algolia.com/developers/code-exchange/slack-like-autocomplete-for-emojis-and-slash-commands,code-exchange,implement,enablement,Get started,https://dashboard.algolia.com/users/sign_up,true
https://www.algolia.com/developers/code-exchange/bigcommerce-accelerator-by-orium,code-exchange,implement,enablement,Get started,https://dashboard.algolia.com/users/sign_up,true
https://www.algolia.com/developers/code-exchange/media-search-starter,code-exchange,implement,enablement,Get started,https://dashboard.algolia.com/users/sign_up,true
https://www.algolia.com/developers/ruby-api,developer,implement,enablement,Get started with React InstantSearch,https://www.algolia.com/doc/api-client/getting-started/what-is-the-api-client/ruby/?client=ruby,true
https://www.algolia.com/customers/Zeeman,customer-story,evaluate,trust-building,Get a demo,https://www.algolia.com/demorequest,true
https://www.algolia.com/customers/advocacy-program,customer-story,evaluate,trust-building,,,true
https://www.algolia.com/developers/code-exchange/refinement-list-mobile-component,code-exchange,implement,enablement,Get started,https://dashboard.algolia.com/users/sign_up,true
https://www.algolia.com/developers/code-exchange/binary-anvil-flux-accelerator,code-exchange,implement,enablement,Get started,https://dashboard.algolia.com/users/sign_up,true
https://www.algolia.com/customers/END.,customer-story,evaluate,trust-building,Get a demo,https://www.algolia.com/demorequest,true
https://www.algolia.com/developers/code-exchange/integrate-shopware-with-algolia,code-exchange,implement,enablement,Get started,https://dashboard.algolia.com/users/sign_up,true
https://www.algolia.com/developers/code-exchange/csv-connector,code-exchange,implement,enablement,Get started,https://dashboard.algolia.com/users/sign_up,true
https://www.algolia.com/developers/code-exchange/building-ui-ACwith-instantsearch-ios,code-exchange,implement,enablement,Get started,https://dashboard.algolia.com/users/sign_up,true
https://www.algolia.com/customers/CredibleMind,customer-story,evaluate,trust-building,Get a demo,https://www.algolia.com/demorequest,true
https://www.algolia.com/developers/mobile-instantsearch-ios,developer,implement,enablement,Get started with InstantSearch iOS library,https://www.algolia.com/doc/guides/building-search-ui/getting-started/ios/,true
https://www.algolia.com/developers/code-exchange/building-ui-with-instantsearch-angular,code-exchange,implement,enablement,Get started,https://dashboard.algolia.com/users/sign_up,true
https://www.algolia.com/developers/code-exchange/index-widget,code-exchange,implement,enablement,Get started,https://dashboard.algolia.com/users/sign_up,true
https://www.algolia.com/developers/code-exchange/diva-e-content-commerce-accelerator,code-exchange,implement,enablement,Get started,https://dashboard.algolia.com/users/sign_up,true
https://www.algolia.com/department/merchandisers,landing-page,evaluate,conversion,Get a demo of the Merchandising Studio,https://www.algolia.com/demorequest,true
https://www.algolia.com/customers/shoe-carnival,customer-story,evaluate,trust-building,Get a demo,https://www.algolia.com/demorequest,true
https://www.algolia.com/developers/code-exchange/amplience-and-algolia-webhook-integration-example,code-exchange,implement,enablement,Get started,https://dashboard.algolia.com/users/sign_up,true
https://www.algolia.com/developers/code-exchange/dynamic-facet-list-mobile-component,code-exchange,implement,enablement,Get started,https://dashboard.algolia.com/users/sign_up,true
https://www.algolia.com/products/features/crawler,product,evaluate,conversion,Get a demo,https://www.algolia.com/demorequest,true
https://www.algolia.com/oauth-result.html,utility,none,utility,,,false
https://www.algolia.com/customers/harry-rosen,customer-story,evaluate,trust-building,Get a demo,https://www.algolia.com/demorequest,true
https://www.algolia.com/products/ai-recommendations,product,evaluate,conversion,Get a demo,https://www.algolia.com/demorequest?modal=request-demo,true
https://www.algolia.com/lp/rmn-report-2025,landing-page,evaluate,conversion,Get started,https://dashboard.algolia.com/users/sign_up,true
https://www.algolia.com/customers/gymshark-headless,customer-story,evaluate,trust-building,Get a demo,https://www.algolia.com/demorequest,true
https://www.algolia.com/resources/asset/casestudy-dawnfoods,resource,learn,seo-acquisition,Get a demo,https://www.algolia.com/demorequest/,true
https://www.algolia.com/lp/thankyou-blog-update,landing-page,evaluate,conversion,Get started,https://dashboard.algolia.com/users/sign_up,true
https://www.algolia.com/developers/search-api-for-developers,developer,implement,enablement,Get started,https://dashboard.algolia.com/users/sign_up,true
https://www.algolia.com/customers/kiko,customer-story,evaluate,trust-building,Get a demo,https://www.algolia.com/demorequest,true
https://www.algolia.com/developers/code-exchange/clear-filters-mobile-component,code-exchange,implement,enablement,Get started,https://dashboard.algolia.com/users/sign_up,true
https://www.algolia.com/developers/code-exchange/configure-widget,code-exchange,implement,enablement,Get started,https://dashboard.algolia.com/users/sign_up,true
https://www.algolia.com/master-list-for-code-exchnage/techologies-list-for-code-exchna,code-exchange,implement,enablement,,,true
https://www.algolia.com/customers/dawnfoods,customer-story,evaluate,trust-building,Get a demo,https://www.algolia.com/demorequest,true
https://www.algolia.com/developers/code-exchange/custom-marker-widget,code-exchange,implement,enablement,Get started,https://dashboard.algolia.com/users/sign_up,true
https://www.algolia.com/customers/fern-case-study,customer-story,evaluate,trust-building,Get a demo,https://www.algolia.com/demorequest,true
https://www.algolia.com/customers/culture-kings,customer-story,evaluate,trust-building,Get a demo,https://www.algolia.com/demorequest,true
https://www.algolia.com/developers/code-exchange/facet-list-flutter-component,code-exchange,implement,enablement,Get started,https://dashboard.algolia.com/users/sign_up,true
https://www.algolia.com/lp/thank-you-search-audit,landing-page,evaluate,conversion,Get started,https://dashboard.algolia.com/users/sign_up,true
https://www.algolia.com/customers/h-e-b-mexico,customer-story,evaluate,trust-building,Get a demo,https://www.algolia.com/demorequest,true
https://www.algolia.com/customers/YourSurprise,customer-story,evaluate,trust-building,Get a demo,https://www.algolia.com/demorequest,true
https://www.algolia.com/developers/code-exchange/state-results-widget,code-exchange,implement,enablement,Get started,https://dashboard.algolia.com/users/sign_up,true
https://www.algolia.com/ecommerce-merchandising-playbook/category-page-merchandising,playbook,implement,enablement,Get started,https://dashboard.algolia.com/users/sign_up,true
https://www.algolia.com/customers/better-world-books,customer-story,evaluate,trust-building,Get a demo,https://www.algolia.com/demorequest,true
https://www.algolia.com/resources/asset/video-breakthroughfutureofai,resource,learn,seo-acquisition,Get a demo,https://www.algolia.com/demorequest/,true
https://www.algolia.com/customers/bigw,customer-story,evaluate,trust-building,Get a demo,https://www.algolia.com/demorequest,true
https://www.algolia.com/customers/apotek1,customer-story,evaluate,trust-building,Get a demo,https://www.algolia.com/demorequest,true
https://www.algolia.com/customers/bringmeister,customer-story,evaluate,trust-building,Request a demo,https://www.algolia.com/demorequest,true
https://www.algolia.com/customers/document-360,customer-story,evaluate,trust-building,Get a demo,https://www.algolia.com/demorequest,true
https://www.algolia.com/partner-program/referrals,partner,evaluate,trust-building,Get started,https://dashboard.algolia.com/users/sign_up,true
https://www.algolia.com/resources/asset/ebook-generative-ai-search,resource,learn,seo-acquisition,Get a demo,https://www.algolia.com/demorequest/,true
https://www.algolia.com/customers/hanos-shop,customer-story,evaluate,trust-building,Get a demo,https://www.algolia.com/demorequest,true
https://www.algolia.com/customers/PetSmart,customer-story,evaluate,trust-building,Get a demo,https://www.algolia.com/demorequest,true
https://www.algolia.com/customers/gymshark-recommend,customer-story,evaluate,trust-building,Get a demo,https://www.algolia.com/demorequest,true
https://www.algolia.com/developers/code-exchange/voice-search-widget,code-exchange,implement,enablement,Get started,https://dashboard.algolia.com/users/sign_up,true
https://www.algolia.com/developers/code-exchange/product-grouping-and-deduplication,code-exchange,implement,enablement,Get started,https://dashboard.algolia.com/users/sign_up,true
https://www.algolia.com/developers/code-exchange/integrate-algolia-recommend-with-instagram-ads,code-exchange,implement,enablement,Get started,https://dashboard.algolia.com/users/sign_up,true
https://www.algolia.com/customers/under-armour,customer-story,evaluate,trust-building,Get a demo,https://www.algolia.com/demorequest,true
https://www.algolia.com/developers/code-exchange/integrate-wordpress-with-algolia,code-exchange,implement,enablement,Get started,https://dashboard.algolia.com/users/sign_up,true
https://www.algolia.com/ecommerce-merchandising-playbook/merchandising-studio-introduction,playbook,implement,enablement,Get started,https://dashboard.algolia.com/users/sign_up,true
https://www.algolia.com/resources/asset/ebook-2026-b2c-ecommerce-ai-trends,resource,learn,seo-acquisition,Get a demo,https://www.algolia.com/demorequest/,true
https://www.algolia.com/devcon,developer,implement,enablement,,,true
https://www.algolia.com/developers/algolia-cli,developer,implement,enablement,Get started guide,https://www.algolia.com/doc/tools/cli/get-started/overview/#install-the-algolia-cli,true
https://www.algolia.com/developers/code-exchange/infinite-hits-widget,code-exchange,implement,enablement,Get started,https://dashboard.algolia.com/users/sign_up,true
https://www.algolia.com/developers/code-exchange/indexing-with-golang,code-exchange,implement,enablement,Get started,https://dashboard.algolia.com/users/sign_up,true
https://www.algolia.com/customers/hershey,customer-story,evaluate,trust-building,Get a demo,https://www.algolia.com/demorequest,true
https://www.algolia.com/customers/the-times,customer-story,evaluate,trust-building,Get a demo,https://www.algolia.com/demorequest,true
https://www.algolia.com/developers/code-exchange/indexing-with-api-clients,code-exchange,implement,enablement,Get started,https://dashboard.algolia.com/users/sign_up,true
https://www.algolia.com/developers/code-exchange/composable-booster-by-kps,code-exchange,implement,enablement,Get started,https://dashboard.algolia.com/users/sign_up,true
https://www.algolia.com/customers/live-platforms,customer-story,evaluate,trust-building,Get a demo,https://www.algolia.com/demorequest,true
https://www.algolia.com/customers/al-futtaim-group,customer-story,evaluate,trust-building,Get a demo,https://www.algolia.com/demorequest,true
https://www.algolia.com/developers/search-api-java,developer,implement,enablement,Get started with Java,https://www.algolia.com/doc/guides/getting-started/quick-start/tutorials/quick-start-with-the-api-client/java/?client=java,true
https://www.algolia.com/resources/asset/ebook-a-unified-solution-adobe-brand-concierge-and-algolia-ai-search,resource,learn,seo-acquisition,Get a demo,https://www.algolia.com/demorequest/,true
https://www.algolia.com/department/product-management,landing-page,evaluate,conversion,Get a demo,https://www.algolia.com/demorequest,true
https://www.algolia.com/developers/code-exchange/stats-flutter-component,code-exchange,implement,enablement,Get started,https://dashboard.algolia.com/users/sign_up,true
https://www.algolia.com/customers/donorschoose,customer-story,evaluate,trust-building,Get a demo,https://www.algolia.com/demorequest,true
https://www.algolia.com/developers/code-exchange/algolia-index-builder-for-sitecore-by-brimit,code-exchange,implement,enablement,Get started,https://dashboard.algolia.com/users/sign_up,true
https://www.algolia.com/lp/search-optimization-report-2026,landing-page,evaluate,conversion,Get Started,https://dashboard.algolia.com/users/sign_up,true
https://www.algolia.com/customers/bike-totaal,customer-story,evaluate,trust-building,Get a demo,https://www.algolia.com/demorequest,true
https://www.algolia.com/resources/asset/ebook-merchandising-edge,resource,learn,seo-acquisition,Get a demo,https://www.algolia.com/demorequest,true
https://www.algolia.com/customers/advocacy-program/welcome-kit,customer-story,evaluate,trust-building,,,true
https://www.algolia.com/customers/flexport,customer-story,evaluate,trust-building,Get a demo,https://www.algolia.com/demorequest,true
https://www.algolia.com/dev,developer,implement,enablement,Get a demo,https://www.algolia.com/demorequest,true
https://www.algolia.com/resources/asset/infographic-b2c-site-search-trends,resource,learn,seo-acquisition,Get a demo,https://www.algolia.com/demorequest/,true
https://www.algolia.com/ecommerce-merchandising-playbook/configuring-faceting,playbook,implement,enablement,Get started,https://dashboard.algolia.com/users/sign_up,true
https://www.algolia.com/developers/code-exchange/dynamic-widgets-widget-1,code-exchange,implement,enablement,Get started,https://dashboard.algolia.com/users/sign_up,true
https://www.algolia.com/events/event-etailboston-2026,event,learn,seo-acquisition,Get started,https://dashboard.algolia.com/users/sign_up,true
https://www.algolia.com/customers/easy24,customer-story,evaluate,trust-building,Get a demo,https://www.algolia.com/demorequest,true
https://www.algolia.com/developers/code-exchange/wordpress-and-woocommerce-algolia-search-plugin,code-exchange,implement,enablement,Get started,https://dashboard.algolia.com/users/sign_up,true
https://www.algolia.com/customers/zoom,customer-story,evaluate,trust-building,Get a demo,https://www.algolia.com/demorequest,true
https://www.algolia.com/customers/wizbii,customer-story,evaluate,trust-building,Get a demo,https://www.algolia.com/demorequest,true
https://www.algolia.com/developers/code-exchange/autocomplete-with-preview-panel-in-modal,code-exchange,implement,enablement,Get started,https://dashboard.algolia.com/users/sign_up,true
https://www.algolia.com/error-404,utility,none,utility,Download the TEI study,https://www.algolia.com/lp/algolia-forrester-tei-report-2026?utm_cta=homepagecarousel,false
https://www.algolia.com/ecommerce-merchandising-playbook/searchable-attributes,playbook,implement,enablement,Get started,https://dashboard.algolia.com/users/sign_up,true
https://www.algolia.com/developers/code-exchange/algolia-crawler-for-netlify,code-exchange,implement,enablement,Get started,https://dashboard.algolia.com/users/sign_up,true
https://www.algolia.com/exclusive,landing-page,evaluate,conversion,Get a demo,https://www.algolia.com/demorequest,true
https://www.algolia.com/developers/code-exchange/algolia-autocomplete-for-vs-code,code-exchange,implement,enablement,Get started,https://dashboard.algolia.com/users/sign_up,true
https://www.algolia.com/customers/club-med,customer-story,evaluate,trust-building,Get a demo,https://www.algolia.com/demorequest,true
https://www.algolia.com/department/digital-experience,landing-page,evaluate,conversion,Get a demo,https://www.algolia.com/demorequest,true
https://www.algolia.com/developers/code-exchange/data-transformations-for-algolia-connectors,code-exchange,implement,enablement,Get started,https://dashboard.algolia.com/users/sign_up,true
https://www.algolia.com/department,landing-page,evaluate,conversion,Get a demo,https://www.algolia.com/demorequest,true
https://www.algolia.com/resources/asset/ebook-aiecommerce/%C3%80-propos-d-Algolia,resource,learn,seo-acquisition,Get a demo,https://www.algolia.com/demorequest/,true
https://www.algolia.com/developers/code-exchange/configure-related-items-widget,code-exchange,implement,enablement,Get started,https://dashboard.algolia.com/users/sign_up,true
https://www.algolia.com/developers/code-exchange/building-ui-with-instantsearch-javascript,code-exchange,implement,enablement,Get started,https://dashboard.algolia.com/users/sign_up,true
https://www.algolia.com/resources/asset/video-dynamic-re-ranking,resource,learn,seo-acquisition,Get a demo,https://www.algolia.com/demorequest/,true
https://www.algolia.com/customers/leroy-merlin-brasil,customer-story,evaluate,trust-building,Get a demo,https://www.algolia.com/demorequest,true
https://www.algolia.com/developers/code-exchange/integrate-drupal-with-algolia,code-exchange,implement,enablement,Get started,https://dashboard.algolia.com/users/sign_up,true
https://www.algolia.com/developers/code-exchange/building-a-twitter-clone-in-a-weekend,code-exchange,implement,enablement,Get started,https://dashboard.algolia.com/users/sign_up,true
https://www.algolia.com/developers/code-exchange/indexing-with-rails,code-exchange,implement,enablement,Get started,https://dashboard.algolia.com/users/sign_up,true
https://www.algolia.com/lp/subscription-newsletter,landing-page,evaluate,conversion,Get started,https://dashboard.algolia.com/users/sign_up,true
https://www.algolia.com/customers/crocs,customer-story,evaluate,trust-building,Get a demo,https://www.algolia.com/demorequest,true
https://www.algolia.com/resources/asset/video-build101-extending-widgets,resource,learn,seo-acquisition,Get a demo,https://www.algolia.com/demorequest/,true
https://www.algolia.com/search-solutions/adobe-commerce-magento,solution,evaluate,conversion,Get a demo,https://www.algolia.com/demorequest,true
https://www.algolia.com/customers/gametime,customer-story,evaluate,trust-building,Get a demo,https://www.algolia.com/demorequest,true
https://www.algolia.com/customers/edx,customer-story,evaluate,trust-building,Get a demo,https://www.algolia.com/demorequest,true
https://www.algolia.com/search-solutions/salesforce-commerce-cloud,solution,evaluate,conversion,Get a demo,https://www.algolia.com/demorequest,true
https://www.algolia.com/industries/fashion,industry,evaluate,conversion,Get a demo,https://www.algolia.com/demorequest,true
https://www.algolia.com/lp/thankyou_doubleoptin,landing-page,evaluate,conversion,Get started,https://dashboard.algolia.com/users/sign_up,true
https://www.algolia.com/developers/code-exchange/clear-refinements-widget,code-exchange,implement,enablement,Get started,https://dashboard.algolia.com/users/sign_up,true
https://www.algolia.com/resources/asset/webinar-digitalexpert-vorwerk,resource,learn,seo-acquisition,Get a demo,https://www.algolia.com/demorequest/,true
https://www.algolia.com/developers/code-exchange/bigcommerce-catalyst,code-exchange,implement,enablement,Get started,https://dashboard.algolia.com/users/sign_up,true
https://www.algolia.com/resources/asset/infographic-gen-ai,resource,learn,seo-acquisition,Get a demo,https://www.algolia.com/demorequest/,true
https://www.algolia.com/developers/code-exchange/blackbird-by-supersonic,code-exchange,implement,enablement,Get started,https://dashboard.algolia.com/users/sign_up,true
https://www.algolia.com/developers/code-exchange/building-ui-with-recommend,code-exchange,implement,enablement,Get started,https://dashboard.algolia.com/users/sign_up,true
https://www.algolia.com/developers/code-exchange/adobe-launch-event-connector,code-exchange,implement,enablement,Get started,https://dashboard.algolia.com/users/sign_up,true
https://www.algolia.com/developers/code-exchange/integrate-graphcms-with-algolia,code-exchange,implement,enablement,Get started,https://dashboard.algolia.com/users/sign_up,true
https://www.algolia.com/developers/code-exchange,code-exchange,implement,enablement,Get started,https://dashboard.algolia.com/users/sign_up,true
https://www.algolia.com/developers/code-exchange/integrate-woocommerce-with-algolia,code-exchange,implement,enablement,Get started,https://dashboard.algolia.com/users/sign_up,true
https://www.algolia.com/resources/asset/report-ecommerce-site-search-trends-2024/introduction-the-b2c-state-of-search,resource,learn,seo-acquisition,Get a demo,https://www.algolia.com/demorequest,true
https://www.algolia.com/developers/code-exchange/integrate-firebase-with-algolia,code-exchange,implement,enablement,Get started,https://dashboard.algolia.com/users/sign_up,true
https://www.algolia.com/developers/laravel-php-framework,developer,implement,enablement,Get started for free,https://www.algolia.com/users/sign_up/,true
https://www.algolia.com/customers/manomano,customer-story,evaluate,trust-building,Get a demo,https://www.algolia.com/demorequest,true
https://www.algolia.com/industries/ecommerce/digital-merchandising,industry,evaluate,conversion,Get a demo,https://www.algolia.com/demorequest,true
https://www.algolia.com/developers/code-exchange/analytics-widget,code-exchange,implement,enablement,Get started,https://dashboard.algolia.com/users/sign_up,true
https://www.algolia.com/developers/code-exchange/indexing-with-javascript,code-exchange,implement,enablement,Get started,https://dashboard.algolia.com/users/sign_up,true
https://www.algolia.com/developers/code-exchange/algolia-recommend-demo-for-ecommerce,code-exchange,implement,enablement,Get started,https://dashboard.algolia.com/users/sign_up,true
https://www.algolia.com/developers/code-exchange/autocomplete-playground,code-exchange,implement,enablement,Get started,https://dashboard.algolia.com/users/sign_up,true
https://www.algolia.com/developers/code-exchange/mparticle-event-connector,code-exchange,implement,enablement,Get started,https://dashboard.algolia.com/users/sign_up,true
https://www.algolia.com/customers/revival-animal-health,customer-story,evaluate,trust-building,Get a demo,https://www.algolia.com/demorequest,true
https://www.algolia.com/developers/code-exchange/hierarchical-menu-mobile-component,code-exchange,implement,enablement,Get started,https://dashboard.algolia.com/users/sign_up,true
https://www.algolia.com/exclusive/masterclass-events-feb27,landing-page,evaluate,conversion,Get started,https://dashboard.algolia.com/users/sign_up,true
https://www.algolia.com/devcon-retired,developer,implement,enablement,,,true
https://www.algolia.com/developers/code-exchange/search-box-widget,code-exchange,implement,enablement,Get started,https://dashboard.algolia.com/users/sign_up,true
https://www.algolia.com/developers,developer-hub,implement,enablement,Get started,https://dashboard.algolia.com/users/sign_up,true
https://www.algolia.com/customers/tag-heuer,customer-story,evaluate,trust-building,Get a demo,https://www.algolia.com/demorequest,true
https://www.algolia.com/developers/code-exchange/filter-list-mobile-component,code-exchange,implement,enablement,Get started,https://dashboard.algolia.com/users/sign_up,true
https://www.algolia.com/developers/code-exchange/autocomplete-with-instantsearch,code-exchange,implement,enablement,Get started,https://dashboard.algolia.com/users/sign_up,true
https://www.algolia.com/customers/decathlon-singapore,customer-story,evaluate,trust-building,Get a demo,https://www.algolia.com/demorequest,true
https://www.algolia.com/developers/code-exchange/autocomplete-with-multiple-datasets-and-headers,code-exchange,implement,enablement,Get started,https://dashboard.algolia.com/users/sign_up,true
https://www.algolia.com/resources/asset/ebook-4advancedtacticsimprovesearch-retail,resource,learn,seo-acquisition,Get a demo,https://www.algolia.com/demorequest/,true
https://www.algolia.com/developers/code-exchange/google-tag-manager-event-connector,code-exchange,implement,enablement,Get started,https://dashboard.algolia.com/users/sign_up,true
https://www.algolia.com/developers/code-exchange/searcher-mobile-component,code-exchange,implement,enablement,Get started,https://dashboard.algolia.com/users/sign_up,true
https://www.algolia.com/lp/thankyou-request-pricing,landing-page,evaluate,conversion,Get started,https://dashboard.algolia.com/users/sign_up,true
https://www.algolia.com/developers/code-exchange/algolia-for-flutter,code-exchange,implement,enablement,Get started,https://dashboard.algolia.com/users/sign_up,true
https://www.algolia.com/developers/code-exchange/blog-search-with-algolia-and-amplience-example,code-exchange,implement,enablement,Get started,https://dashboard.algolia.com/users/sign_up,true
https://www.algolia.com/developers/code-exchange/ecommerce-pwa-ui-template,code-exchange,implement,enablement,Get started,https://dashboard.algolia.com/users/sign_up,true
https://www.algolia.com/resources/asset/aisearchdatabase,resource,learn,seo-acquisition,Get a demo,https://www.algolia.com/demorequest/,true
https://www.algolia.com/developers/code-exchange/indexing-with-scala,code-exchange,implement,enablement,Get started,https://dashboard.algolia.com/users/sign_up,true
https://www.algolia.com/customers/hbm,customer-story,evaluate,trust-building,Get a demo,https://www.algolia.com/demorequest,true
https://www.algolia.com/resources/asset/ebook-collections,resource,learn,seo-acquisition,Get a demo,https://www.algolia.com/demorequest/,true
https://www.algolia.com/developers/code-exchange/saved-search-alerts,code-exchange,implement,enablement,Get started,https://dashboard.algolia.com/users/sign_up,true
https://www.algolia.com/customers/smartbuyglasses,customer-story,evaluate,trust-building,Get a demo,https://www.algolia.com/demorequest,true
https://www.algolia.com/resources/asset/8-dx-delight-an-exploration-of-new-documentation-khalid-loic-mp4,resource,learn,seo-acquisition,Get a demo,https://www.algolia.com/demorequest/,true
https://www.algolia.com/customers/sellpy,customer-story,evaluate,trust-building,Get a demo,https://www.algolia.com/demorequest,true
https://www.algolia.com/resources/asset/ebook-learn-how-to-optimize-ai-algorithms/introduction,resource,learn,seo-acquisition,Get a demo,https://www.algolia.com/demorequest,true
https://www.algolia.com/department/ecommerce,landing-page,evaluate,conversion,Get a demo,https://www.algolia.com/demorequest,true
https://www.algolia.com/customers/hagergroup,customer-story,evaluate,trust-building,Get a demo,https://www.algolia.com/demorequest,true
https://www.algolia.com/customers/staples,customer-story,evaluate,trust-building,Get a demo,https://www.algolia.com/demorequest,true
https://www.algolia.com/customers/swedol,customer-story,evaluate,trust-building,Get a demo,https://www.algolia.com/demorequest,true
https://www.algolia.com/developers/code-exchange/airport-search,code-exchange,implement,enablement,Get started,https://dashboard.algolia.com/users/sign_up,true
https://www.algolia.com/ecommerce-merchandising-playbook/using-business-data-for-merchandising,playbook,implement,enablement,Get started,https://dashboard.algolia.com/users/sign_up,true
https://www.algolia.com/customers/wework,customer-story,evaluate,trust-building,Get a demo,https://www.algolia.com/demorequest,true
https://www.algolia.com/developers/code-exchange/yarn,code-exchange,implement,enablement,Get started,https://dashboard.algolia.com/users/sign_up,true
https://www.algolia.com/developers/search-api-swift,developer,implement,enablement,Get started for free,https://www.algolia.com/users/sign_up/,true
https://www.algolia.com/department/engineering,landing-page,evaluate,conversion,Get a demo,https://www.algolia.com/demorequest,true
https://www.algolia.com/developers/code-exchange/autocomplete-to-retrieve-github-repositories,code-exchange,implement,enablement,Get started,https://dashboard.algolia.com/users/sign_up,true
https://www.algolia.com/customers/lacoste,customer-story,evaluate,trust-building,Get a demo,https://www.algolia.com/demorequest,true
https://www.algolia.com/customers/mister-auto,customer-story,evaluate,trust-building,Get a demo,https://www.algolia.com/demorequest,true
https://www.algolia.com/demorequest,contact-sales,buy,conversion,,,true
https://www.algolia.com/resources/asset/report-2025b2bsitesearchtrends/chapter-1-introduction,resource,learn,seo-acquisition,Get a demo,https://www.algolia.com/demorequest,true
https://www.algolia.com/developers/code-exchange/integrate-uniform-with-algolia,code-exchange,implement,enablement,Get started,https://dashboard.algolia.com/users/sign_up,true
https://www.algolia.com/developers/code-exchange/indexing-with-ruby,code-exchange,implement,enablement,Get started,https://dashboard.algolia.com/users/sign_up,true
https://www.algolia.com/customers/idealist,customer-story,evaluate,trust-building,Get a demo,https://www.algolia.com/demorequest,true
https://www.algolia.com/lp/thankyou-raffle,landing-page,evaluate,conversion,Get started,https://dashboard.algolia.com/users/sign_up,true
https://www.algolia.com/resources/asset/ebook-searchandproductreviews,resource,learn,seo-acquisition,Get a demo,https://www.algolia.com/demorequest,true
https://www.algolia.com/developers/code-exchange/query-suggestions-autocomplete-plugin,code-exchange,implement,enablement,Get started,https://dashboard.algolia.com/users/sign_up,true
https://www.algolia.com/developers/code-exchange/integrate-algolia-into-adobe-pwa-studio,code-exchange,implement,enablement,Get started,https://dashboard.algolia.com/users/sign_up,true
https://www.algolia.com/developers/code-exchange/Community,code-exchange,implement,enablement,Get started,https://dashboard.algolia.com/users/sign_up,true
https://www.algolia.com/developers/code-exchange/marvel-search,code-exchange,implement,enablement,Get started,https://dashboard.algolia.com/users/sign_up,true
https://www.algolia.com/resources/asset/ebook-agentic-ai-tailored-for-fashion,resource,learn,seo-acquisition,Get a demo,https://www.algolia.com/demorequest/,true
https://www.algolia.com/resources/asset/ebook-b2bsearchaudit/introduction-testing-search-effectiveness-in-b2b-ecommerce,resource,learn,seo-acquisition,Get a demo,https://www.algolia.com/demorequest,true
https://www.algolia.com/developers/code-exchange/geo-search-starter,code-exchange,implement,enablement,Get started,https://dashboard.algolia.com/users/sign_up,true
https://www.algolia.com/developers/code-exchange/algolia-integration-to-elixir-application,code-exchange,implement,enablement,Get started,https://dashboard.algolia.com/users/sign_up,true
https://www.algolia.com/developers/lp-implement-search-autocomplete,developer,implement,enablement,Get started guide,https://www.algolia.com/doc/ui-libraries/autocomplete/introduction/getting-started/,true
https://www.algolia.com/developers/lp-developer-external-pages/tray,developer,implement,enablement,Get started,https://dashboard.algolia.com/users/sign_up,true
https://www.algolia.com/resources/asset/whatsnewinstantsearch,resource,learn,seo-acquisition,Get a demo,https://www.algolia.com/demorequest/,true
https://www.algolia.com/developers/code-exchange/integrate-mongo-db-with-algolia,code-exchange,implement,enablement,Get started,https://dashboard.algolia.com/users/sign_up,true
https://www.algolia.com/developers/code-exchange/algolia-crawler,code-exchange,implement,enablement,Get started,https://dashboard.algolia.com/users/sign_up,true
https://www.algolia.com/developers/code-exchange/commandbar-algolia-integration,code-exchange,implement,enablement,Get started,https://dashboard.algolia.com/users/sign_up,true
https://www.algolia.com/developers/code-exchange/autocomplete-powered-github-notification-filters,code-exchange,implement,enablement,Get started,https://dashboard.algolia.com/users/sign_up,true
https://www.algolia.com/developers/search-api-php,developer,implement,enablement,Get started with PHP,https://www.algolia.com/doc/guides/getting-started/quick-start/tutorials/quick-start-with-the-api-client/php/?client=php,true
https://www.algolia.com/developers/code-exchange/autocomplete-with-panel-placement,code-exchange,implement,enablement,Get started,https://dashboard.algolia.com/users/sign_up,true
https://www.algolia.com/developers/code-exchange/integrate-commercetools-with-algolia,code-exchange,implement,enablement,Get started,https://dashboard.algolia.com/users/sign_up,true
https://www.algolia.com/resources/asset/ebook-headlesscomposablesolutions,resource,learn,seo-acquisition,Get a demo,https://www.algolia.com/demorequest,true
https://www.algolia.com/developers/code-exchange/algolia-firestore-import-utility,code-exchange,implement,enablement,Get started,https://dashboard.algolia.com/users/sign_up,true
https://www.algolia.com/developers/code-exchange/autocomplete-with-multiple-indices-two-column-layout,code-exchange,implement,enablement,Get started,https://dashboard.algolia.com/users/sign_up,true
https://www.algolia.com/developers/code-exchange/firebase-search-extension,code-exchange,implement,enablement,Get started,https://dashboard.algolia.com/users/sign_up,true
https://www.algolia.com/developers/code-exchange/autocomplete-with-multi-column-layout,code-exchange,implement,enablement,Get started,https://dashboard.algolia.com/users/sign_up,true
https://www.algolia.com/partner-program/gtm-collaboration,partner,evaluate,trust-building,Get started,https://dashboard.algolia.com/users/sign_up,true
https://www.algolia.com/developers/code-exchange/building-ui-with-autocomplete,code-exchange,implement,enablement,Get started,https://dashboard.algolia.com/users/sign_up,true
https://www.algolia.com/developers/code-exchange/breadcrumb-widget,code-exchange,implement,enablement,Get started,https://dashboard.algolia.com/users/sign_up,true
https://www.algolia.com/developers/code-exchange/integrate-spryker-with-algolia,code-exchange,implement,enablement,Get started,https://dashboard.algolia.com/users/sign_up,true
https://www.algolia.com/industries/higher-education,industry,evaluate,conversion,Get a demo,https://www.algolia.com/demorequest,true
https://www.algolia.com/resources/asset/ebook-leveling-up-search-with-ai/is-ai-enabled-personalization-right-for-you,resource,learn,seo-acquisition,Get a demo,https://www.algolia.com/demorequest/,true
https://www.algolia.com/developers/code-exchange/integrate-magnolia-cms-ecommerce-extension-with-algolia,code-exchange,implement,enablement,Get started,https://dashboard.algolia.com/users/sign_up,true
https://www.algolia.com/resources/asset/ebook-why-financial-services-organizations-on-aem-should-choose-algolia,resource,learn,seo-acquisition,Get a demo,https://www.algolia.com/demorequest/,true
https://www.algolia.com/developers/code-exchange/integrate-mysql-with-algolia,code-exchange,implement,enablement,Get started,https://dashboard.algolia.com/users/sign_up,true
https://www.algolia.com/developers/code-exchange/integrate-algolia-search-with-nopcommerce,code-exchange,implement,enablement,Get started,https://dashboard.algolia.com/users/sign_up,true
https://www.algolia.com/developers/code-exchange/indexing-with-swift,code-exchange,implement,enablement,Get started,https://dashboard.algolia.com/users/sign_up,true
https://www.algolia.com/developers/code-exchange/indexing-with-symfony,code-exchange,implement,enablement,Get started,https://dashboard.algolia.com/users/sign_up,true
https://www.algolia.com/distributed-secure/global-infrastructure,trust,evaluate,trust-building,Get started for free,https://dashboard.algolia.com/users/sign_up/,true
https://www.algolia.com/developers/code-exchange/apply-digital-cafe-accelerator,code-exchange,implement,enablement,Get started,https://dashboard.algolia.com/users/sign_up,true
https://www.algolia.com/developers/code-exchange/integrate-algolia-with-amplience,code-exchange,implement,enablement,Get started,https://dashboard.algolia.com/users/sign_up,true
https://www.algolia.com/developers/code-exchange/algolia-search-v2-0-plugin-for-bubble,code-exchange,implement,enablement,Get started,https://dashboard.algolia.com/users/sign_up,true
https://www.algolia.com/ecommerce-merchandising-playbook/configuring-visual-editor,playbook,implement,enablement,Get started,https://dashboard.algolia.com/users/sign_up,true
https://www.algolia.com/developers/code-exchange/woo-commerce-and-word-press-ai-search-and-recommendations-plugin,code-exchange,implement,enablement,Get started,https://dashboard.algolia.com/users/sign_up,true
https://www.algolia.com/developers/code-exchange/multi-hits-mobile-widget,code-exchange,implement,enablement,Get started,https://dashboard.algolia.com/users/sign_up,true
https://www.algolia.com/developers/code-exchange/custom-sort-by,code-exchange,implement,enablement,Get started,https://dashboard.algolia.com/users/sign_up,true
https://www.algolia.com/resources/asset/ebook-algoliaelasticsearch,resource,learn,seo-acquisition,Get a demo,https://www.algolia.com/demorequest,true
https://www.algolia.com/developers/code-exchange/autocomplete-with-voice-search-on-ios,code-exchange,implement,enablement,Get started,https://dashboard.algolia.com/users/sign_up,true
https://www.algolia.com/lp/dreamforce-registration-ty,landing-page,evaluate,conversion,Get started,https://dashboard.algolia.com/users/sign_up,true
https://www.algolia.com/resources/asset/ebook-designing-gen-ai-systems/purpose-and-focus,resource,learn,seo-acquisition,Get a demo,https://www.algolia.com/demorequest,true
https://www.algolia.com/resources/asset/ebook-leveling-up-search-with-ai/data-the-fuel-of-ai-personalization,resource,learn,seo-acquisition,Get a demo,https://www.algolia.com/demorequest/,true
https://www.algolia.com/resources/asset/ebook-b2b-search-decision-maker-checklist/1-identify-your-business-goals,resource,learn,seo-acquisition,Get a demo,https://www.algolia.com/demorequest,true
https://www.algolia.com/resources/asset/ebook-technical-buyers-guide-to-site-search,resource,learn,seo-acquisition,Get a demo,https://www.algolia.com/demorequest,true
https://www.algolia.com/products/ai/ask-ai,product,evaluate,conversion,Get a demo,https://www.algolia.com/demorequest,true
https://www.algolia.com/developers/code-exchange/generate-a-transcript-index-for-your-youtube-content-using-whisper,code-exchange,implement,enablement,Get started,https://dashboard.algolia.com/users/sign_up,true
https://www.algolia.com/developers/code-exchange/autocomplete-with-react-instantsearch,code-exchange,implement,enablement,Get started,https://dashboard.algolia.com/users/sign_up,true
https://www.algolia.com/distributed-secure,trust,evaluate,trust-building,Get started,https://dashboard.algolia.com/users/sign_up,true
https://www.algolia.com/pricing/grow-plus,pricing,buy,conversion,Get started,https://dashboard.algolia.com/users/sign_up?build=1,true
https://www.algolia.com/distributed-secure/security-compliance/measures,trust,evaluate,trust-building,Get started,https://dashboard.algolia.com/users/sign_up,true
https://www.algolia.com/developers/code-exchange/highlight-widget,code-exchange,implement,enablement,Get started,https://dashboard.algolia.com/users/sign_up,true
https://www.algolia.com/developers/code-exchange/ecommerce-starter,code-exchange,implement,enablement,Get started,https://dashboard.algolia.com/users/sign_up,true
https://www.algolia.com/lp/embedded-partnerships,landing-page,evaluate,conversion,Get started,https://dashboard.algolia.com/users/sign_up,true
https://www.algolia.com/developers/code-exchange/integrate-hexo-with-algolia,code-exchange,implement,enablement,Get started,https://dashboard.algolia.com/users/sign_up,true
https://www.algolia.com/developers/code-exchange/autocomplete-with-tags-in-search-box,code-exchange,implement,enablement,Get started,https://dashboard.algolia.com/users/sign_up,true
https://www.algolia.com/developers/code-exchange/integrate-vue-storefront-with-algolia,code-exchange,implement,enablement,Get started,https://dashboard.algolia.com/users/sign_up,true
https://www.algolia.com/developers/code-exchange/autocomplete-with-vue-instantsearch,code-exchange,implement,enablement,Get started,https://dashboard.algolia.com/users/sign_up,true
https://www.algolia.com/developers/code-exchange/integrate-flutterflow-with-algolia,code-exchange,implement,enablement,Get started,https://dashboard.algolia.com/users/sign_up,true
https://www.algolia.com/developers/code-exchange/integrate-elasticsearch-with-algolia,code-exchange,implement,enablement,Get started,https://dashboard.algolia.com/users/sign_up,true
https://www.algolia.com/developers/code-exchange/autocomplete-with-voice-search,code-exchange,implement,enablement,Get started,https://dashboard.algolia.com/users/sign_up,true
https://www.algolia.com/developers/search-api-golang,developer,implement,enablement,Get started for free,https://www.algolia.com/users/sign_up/,true
https://www.algolia.com/developers/code-exchange/integrate-steampipe-cli-with-algolia,code-exchange,implement,enablement,Get started,https://dashboard.algolia.com/users/sign_up,true
https://www.algolia.com/developers/code-exchange/algolia-search-django-example,code-exchange,implement,enablement,Get started,https://dashboard.algolia.com/users/sign_up,true
https://www.algolia.com/developers/code-exchange/b2x-accelerator-by-mindcurv,code-exchange,implement,enablement,Get started,https://dashboard.algolia.com/users/sign_up,true
https://www.algolia.com/developers/code-exchange/highlighting-mobile-component,code-exchange,implement,enablement,Get started,https://dashboard.algolia.com/users/sign_up,true
https://www.algolia.com/developers/code-exchange/building-ui-with-instantsearch-android,code-exchange,implement,enablement,Get started,https://dashboard.algolia.com/users/sign_up,true
https://www.algolia.com/developers/code-exchange/autocomplete-starter,code-exchange,implement,enablement,Get started,https://dashboard.algolia.com/users/sign_up,true
https://www.algolia.com/developers/code-exchange/building-ui-with-instantsearch-react-hooks,code-exchange,implement,enablement,Get started,https://dashboard.algolia.com/users/sign_up,true
https://www.algolia.com/developers/code-exchange/document-pro-elementor-wordpress-plugin,code-exchange,implement,enablement,Get started,https://dashboard.algolia.com/users/sign_up,true
https://www.algolia.com/partner-program/referrals/register-a-deal,partner,evaluate,trust-building,Get started,https://dashboard.algolia.com/users/sign_up,true
https://www.algolia.com/resources/asset/guide-firstbrickheadless/a-refresher-what-is-headless-commerce,resource,learn,seo-acquisition,Get a demo,https://www.algolia.com/demorequest,true
https://www.algolia.com/developers/code-exchange/current-refinements-widget,code-exchange,implement,enablement,Get started,https://dashboard.algolia.com/users/sign_up,true
https://www.algolia.com/developers/code-exchange/docsearch,code-exchange,implement,enablement,Get started,https://dashboard.algolia.com/users/sign_up,true
https://www.algolia.com/developers/code-exchange/demo-of-algolia-widgets-and-ai-features,code-exchange,implement,enablement,Get started,https://dashboard.algolia.com/users/sign_up,true
https://www.algolia.com/developers/code-exchange/contentful-gatsby-starter-blog,code-exchange,implement,enablement,Get started,https://dashboard.algolia.com/users/sign_up,true
https://www.algolia.com/developers/code-exchange/combine-2d-physics-library-matterjs-and-algolia-search,code-exchange,implement,enablement,Get started,https://dashboard.algolia.com/users/sign_up,true
https://www.algolia.com/developers/code-exchange/indexing-with-django,code-exchange,implement,enablement,Get started,https://dashboard.algolia.com/users/sign_up,true
https://www.algolia.com/developers/code-exchange/filter-state-mobile-widget,code-exchange,implement,enablement,Get started,https://dashboard.algolia.com/users/sign_up,true
https://www.algolia.com/lp/thankyou-request-pricing-neuralsearch,landing-page,evaluate,conversion,Get started,https://dashboard.algolia.com/users/sign_up,true
https://www.algolia.com/exclusive/masterclass-data-enhancement-may21,landing-page,evaluate,conversion,Get started,https://dashboard.algolia.com/users/sign_up,true
https://www.algolia.com/developers/code-exchange/contribute/success,code-exchange,implement,enablement,Get started,https://dashboard.algolia.com/users/sign_up,true
https://www.algolia.com/developers/code-exchange/powered-by-widget,code-exchange,implement,enablement,Get started,https://dashboard.algolia.com/users/sign_up,true
https://www.algolia.com/products/ai-search,product,evaluate,conversion,Get a demo,https://www.algolia.com/demorequest,true
https://www.algolia.com/developers/code-exchange/building-ui-with-instantsearch-vue,code-exchange,implement,enablement,Get started,https://dashboard.algolia.com/users/sign_up,true
https://www.algolia.com/developers/code-exchange/filter-state-flutter-component,code-exchange,implement,enablement,Get started,https://dashboard.algolia.com/users/sign_up,true
https://www.algolia.com/developers/code-exchange/multi-index-search-on-ios,code-exchange,implement,enablement,Get started,https://dashboard.algolia.com/users/sign_up,true
https://www.algolia.com/developers/symfony-php-framework,developer,implement,enablement,Get started for free,https://www.algolia.com/users/sign_up/,true
https://www.algolia.com/resources/asset/video-b2b-ecommerce-site-search-trends-insights-opportunities,resource,learn,seo-acquisition,Get a demo,https://www.algolia.com/demorequest/,true
https://www.algolia.com/developers/code-exchange/color-refinement-list,code-exchange,implement,enablement,Get started,https://dashboard.algolia.com/users/sign_up,true
https://www.algolia.com/developers/code-exchange/indexing-with-java,code-exchange,implement,enablement,Get started,https://dashboard.algolia.com/users/sign_up,true
https://www.algolia.com/developers/code-exchange/instantsearch-and-next-js-starter,code-exchange,implement,enablement,Get started,https://dashboard.algolia.com/users/sign_up,true
https://www.algolia.com/developers/code-exchange/multi-use-case-demo-of-algolia-search,code-exchange,implement,enablement,Get started,https://dashboard.algolia.com/users/sign_up,true
https://www.algolia.com/resources/asset/ebook-leveling-up-search-with-ai/ai-enabled-personalization-from-the-leader-in-ecommerce-search,resource,learn,seo-acquisition,Get a demo,https://www.algolia.com/demorequest/,true
https://www.algolia.com/developers/code-exchange/rating-menu-widget,code-exchange,implement,enablement,Get started,https://dashboard.algolia.com/users/sign_up,true
https://www.algolia.com/ecommerce-merchandising-playbook/checklist-for-going-live,playbook,implement,enablement,Get started,https://dashboard.algolia.com/users/sign_up,true
https://www.algolia.com/lp/event-algoliacharitablegiving-2024,landing-page,evaluate,conversion,Get started,https://dashboard.algolia.com/users/sign_up,true
https://www.algolia.com/resources/asset/keynote,resource,learn,seo-acquisition,Get a demo,https://www.algolia.com/demorequest/,true
https://www.algolia.com/developers/code-exchange/scroll-to-widget,code-exchange,implement,enablement,Get started,https://dashboard.algolia.com/users/sign_up,true
https://www.algolia.com/lp/costco,landing-page,evaluate,conversion,Get a demo,https://www.algolia.com/lp/costco#form,true
https://www.algolia.com/pricing/build-plan,pricing,buy,conversion,Get started,https://dashboard.algolia.com/users/sign_up?build=1,true
https://www.algolia.com/ecommerce-merchandising-playbook/ai-synonyms,playbook,implement,enablement,Get started,https://dashboard.algolia.com/users/sign_up,true
https://www.algolia.com/developers/search-api-csharp-dotnet,developer,implement,enablement,Get started with C# .NET client,https://www.algolia.com/doc/api-client/getting-started/install/csharp/?client=csharp,true
https://www.algolia.com/developers/code-exchange/filter-numeric-comparison-mobile-component,code-exchange,implement,enablement,Get started,https://dashboard.algolia.com/users/sign_up,true
https://www.algolia.com/developers/code-exchange/spark-accelerator-by-novicell,code-exchange,implement,enablement,Get started,https://dashboard.algolia.com/users/sign_up,true
https://www.algolia.com/resources/asset/video-build101-configuring-business-relevance,resource,learn,seo-acquisition,Get a demo,https://www.algolia.com/demorequest/,true
https://www.algolia.com/developers/code-exchange/contribute,code-exchange,implement,enablement,Get started,https://dashboard.algolia.com/users/sign_up,true
https://www.algolia.com/developers/code-exchange/range-slider-widget,code-exchange,implement,enablement,Get started,https://dashboard.algolia.com/users/sign_up,true
https://www.algolia.com/developers/code-exchange/current-filters-flutter-component,code-exchange,implement,enablement,Get started,https://dashboard.algolia.com/users/sign_up,true
https://www.algolia.com/developers/code-exchange/current-filters-mobile-component,code-exchange,implement,enablement,Get started,https://dashboard.algolia.com/users/sign_up,true
https://www.algolia.com/developers/code-exchange/filter-toggle-mobile-component,code-exchange,implement,enablement,Get started,https://dashboard.algolia.com/users/sign_up,true
https://www.algolia.com/resources/asset/video-spice-cx-personalization,resource,learn,seo-acquisition,Get a demo,https://www.algolia.com/demorequest/,true
https://www.algolia.com/industries/auto-parts,industry,evaluate,conversion,Get a demo,https://www.algolia.com/demorequest,true
https://www.algolia.com/use-cases/shopping-assistant,use-case,evaluate,conversion,Get a demo,https://www.algolia.com/demorequest,true
https://www.algolia.com/developers/code-exchange/integrate-adobe-commerce-magento-2-with-algolia,code-exchange,implement,enablement,Get started,https://dashboard.algolia.com/users/sign_up,true
https://www.algolia.com/resources/asset/from-aisle-to-ai,resource,learn,seo-acquisition,Get a demo,https://www.algolia.com/demorequest/,true
https://www.algolia.com/developers/code-exchange/integrate-adobe-experience-manager-with-algolia,code-exchange,implement,enablement,Get started,https://dashboard.algolia.com/users/sign_up,true
https://www.algolia.com/products/features/query-categorization,product,evaluate,conversion,Get a demo,https://www.algolia.com/demorequest,true
https://www.algolia.com/developers/code-exchange/integrate-bubble-with-algolia,code-exchange,implement,enablement,Get started,https://dashboard.algolia.com/users/sign_up,true
https://www.algolia.com/developers/code-exchange/integrate-algolia-with-mage-native,code-exchange,implement,enablement,Get started,https://dashboard.algolia.com/users/sign_up,true
https://www.algolia.com/developers/code-exchange/tapestry-by-im-digital,code-exchange,implement,enablement,Get started,https://dashboard.algolia.com/users/sign_up,true
https://www.algolia.com/ecommerce-merchandising-playbook/ai-re-ranking,playbook,implement,enablement,Get started,https://dashboard.algolia.com/users/sign_up,true
https://www.algolia.com/developers/code-exchange/integrate-elastic-path-commerce-cloud-with-algolia,code-exchange,implement,enablement,Get started,https://dashboard.algolia.com/users/sign_up,true
https://www.algolia.com/developers/code-exchange/indexing-with-laravel,code-exchange,implement,enablement,Get started,https://dashboard.algolia.com/users/sign_up,true
https://www.algolia.com/developers/mobile-instantsearch-android,developer,implement,enablement,Get started with InstantSearch Android library,https://www.algolia.com/doc/guides/building-search-ui/getting-started/android/,true
https://www.algolia.com/lp/event-partnerday-nl,landing-page,evaluate,conversion,Download the TEI study,https://www.algolia.com/lp/algolia-forrester-tei-report-2026?utm_cta=homepagecarousel,true
https://www.algolia.com/developers/code-exchange/online-steam-games-library-tracker,code-exchange,implement,enablement,Get started,https://dashboard.algolia.com/users/sign_up,true
https://www.algolia.com/developers/code-exchange/frequently-bought-together,code-exchange,implement,enablement,Get started,https://dashboard.algolia.com/users/sign_up,true
https://www.algolia.com/developers/web-instantsearch-vue,developer,implement,enablement,Get started with Vue InstantSearch,https://www.algolia.com/doc/guides/building-search-ui/getting-started/vue/,true
https://www.algolia.com/resources/asset/webinar-italy-webinar-ai-search-2024,resource,learn,seo-acquisition,Get a demo,https://www.algolia.com/demorequest/,true
https://www.algolia.com/lp/algolia-forrester-tei-report-2026,landing-page,evaluate,conversion,Download the TEI study,https://www.algolia.com/lp/algolia-forrester-tei-report-2026?utm_cta=homepagecarousel,true
https://www.algolia.com/developers/code-exchange/pagination-widget,code-exchange,implement,enablement,Get started,https://dashboard.algolia.com/users/sign_up,true
https://www.algolia.com/exclusive/algolia-build-clinic,landing-page,evaluate,conversion,Get started,https://dashboard.algolia.com/users/sign_up,true
https://www.algolia.com/developers/code-exchange/hierarchical-menu-widget,code-exchange,implement,enablement,Get started,https://dashboard.algolia.com/users/sign_up,true
https://www.algolia.com/lp/fieldevent-registration-ty,landing-page,evaluate,conversion,Get started,https://dashboard.algolia.com/users/sign_up,true
https://www.algolia.com/lp/b2b-site-search-report-asset-update,landing-page,evaluate,conversion,Get started,https://dashboard.algolia.com/users/sign_up,true
https://www.algolia.com/developers/code-exchange/gdpr-search,code-exchange,implement,enablement,Get started,https://dashboard.algolia.com/users/sign_up,true
https://www.algolia.com/lp/customer-hub-1,landing-page,evaluate,conversion,Download the TEI study,https://www.algolia.com/lp/algolia-forrester-tei-report-2026?utm_cta=homepagecarousel,true
https://www.algolia.com/ecommerce-merchandising-playbook/promo-banner,playbook,implement,enablement,Get started,https://dashboard.algolia.com/users/sign_up,true
https://www.algolia.com/lp/customer-newsletter-optin,landing-page,evaluate,conversion,Download the TEI study,https://www.algolia.com/lp/algolia-forrester-tei-report-2026?utm_cta=homepagecarousel,true
https://www.algolia.com/developers/code-exchange/snippet-widget,code-exchange,implement,enablement,Get started,https://dashboard.algolia.com/users/sign_up,true
https://www.algolia.com/developers/code-exchange/indexing-with-kotlin,code-exchange,implement,enablement,Get started,https://dashboard.algolia.com/users/sign_up,true
https://www.algolia.com/resources/asset/video-build101-configuring-textual-relevance,resource,learn,seo-acquisition,Get a demo,https://www.algolia.com/demorequest/,true
https://www.algolia.com/resources/asset/ebook-algoliaopensource,resource,learn,seo-acquisition,Get a demo,https://www.algolia.com/demorequest,true
https://www.algolia.com/developers/code-exchange/hits-widget,code-exchange,implement,enablement,Get started,https://dashboard.algolia.com/users/sign_up,true
https://www.algolia.com/developers/code-exchange/stats-widget,code-exchange,implement,enablement,Get started,https://dashboard.algolia.com/users/sign_up,true
https://www.algolia.com/for-non-profit,program,apply,trust-building,Get a demo,https://www.algolia.com/demorequest/,true
https://www.algolia.com/developers/code-exchange/integrate-gatsby-with-algolia,code-exchange,implement,enablement,Get started,https://dashboard.algolia.com/users/sign_up,true
https://www.algolia.com/developers/code-exchange/indexing-with-net,code-exchange,implement,enablement,Get started,https://dashboard.algolia.com/users/sign_up,true
https://www.algolia.com/resources/asset/creatingrplace,resource,learn,seo-acquisition,Get a demo,https://www.algolia.com/demorequest/,true
https://www.algolia.com/developers/code-exchange/integrate-tray-io-with-algolia,code-exchange,implement,enablement,Get started,https://dashboard.algolia.com/users/sign_up,true
https://www.algolia.com/resources/asset/ebook-aiecommerce/4-everyone-gets-their-own-model,resource,learn,seo-acquisition,Get a demo,https://www.algolia.com/demorequest/,true
https://www.algolia.com/developers/code-exchange/hits-per-page-widget,code-exchange,implement,enablement,Get started,https://dashboard.algolia.com/users/sign_up,true
https://www.algolia.com/developers/code-exchange/geo-search-control-widget,code-exchange,implement,enablement,Get started,https://dashboard.algolia.com/users/sign_up,true
https://www.algolia.com/developers/code-exchange/integrate-xperience-by-kentico-with-algolia,code-exchange,implement,enablement,Get started,https://dashboard.algolia.com/users/sign_up,true
https://www.algolia.com/developers/code-exchange/hits-searcher-flutter-component,code-exchange,implement,enablement,Get started,https://dashboard.algolia.com/users/sign_up,true
https://www.algolia.com/resources/asset/webinar-ampliencefootwear,resource,learn,seo-acquisition,Get a demo,https://www.algolia.com/demorequest/,true
https://www.algolia.com/developers/code-exchange/indexing-with-php,code-exchange,implement,enablement,Get started,https://dashboard.algolia.com/users/sign_up,true
https://www.algolia.com/developers/code-exchange/hits-mobile-component,code-exchange,implement,enablement,Get started,https://dashboard.algolia.com/users/sign_up,true
https://www.algolia.com/developers/code-exchange/geo-search-widget,code-exchange,implement,enablement,Get started,https://dashboard.algolia.com/users/sign_up,true
https://www.algolia.com/resources/asset/ebook-aiecommerce/7-conversational-commerce,resource,learn,seo-acquisition,Get a demo,https://www.algolia.com/demorequest/,true
https://www.algolia.com/developers/code-exchange/intive-mars-accelerator,code-exchange,implement,enablement,Get started,https://dashboard.algolia.com/users/sign_up,true
https://www.algolia.com/lp/unsubscribe,landing-page,evaluate,conversion,Get started,https://dashboard.algolia.com/users/sign_up,true
https://www.algolia.com/developers/code-exchange/jamstack-youtube-ingestion,code-exchange,implement,enablement,Get started,https://dashboard.algolia.com/users/sign_up,true
https://www.algolia.com/products/features/neuralsearch,product,evaluate,conversion,Get a demo,https://www.algolia.com/demorequest,true
https://www.algolia.com/products/features/analytics,product,evaluate,conversion,Get a demo,https://www.algolia.com/demorequest,true
https://www.algolia.com/industries,industry,evaluate,conversion,Get a demo,https://www.algolia.com/demorequest,true
https://www.algolia.com/developers/code-exchange/google-map-loader-widget,code-exchange,implement,enablement,Get started,https://dashboard.algolia.com/users/sign_up,true
https://www.algolia.com/events/event-forumecombrasil-2026,event,learn,seo-acquisition,Get started,https://dashboard.algolia.com/users/sign_up,true
https://www.algolia.com/developers/code-exchange/github-recommended-issues-bot,code-exchange,implement,enablement,Get started,https://dashboard.algolia.com/users/sign_up,true
https://www.algolia.com/developers/code-exchange/google-big-query-connector,code-exchange,implement,enablement,Get started,https://dashboard.algolia.com/users/sign_up,true
https://www.algolia.com/developers/code-exchange/improved-customer-experience,code-exchange,implement,enablement,Get started,https://dashboard.algolia.com/users/sign_up,true
https://www.algolia.com/lp/b2b-ecommerce-search-discovery,landing-page,evaluate,conversion,Get a demo,https://www.algolia.com/demorequest/,true
https://www.algolia.com/exclusive/masterclass-events-march12,landing-page,evaluate,conversion,Get started,https://dashboard.algolia.com/users/sign_up,true
https://www.algolia.com/developers/code-exchange/load-more-with-progress-bar,code-exchange,implement,enablement,Get started,https://dashboard.algolia.com/users/sign_up,true
https://www.algolia.com/developers/code-exchange/integrate-dynamic-yield-with-algolia,code-exchange,implement,enablement,Get started,https://dashboard.algolia.com/users/sign_up,true
https://www.algolia.com/developers/code-exchange/integrate-jekyll-with-algolia,code-exchange,implement,enablement,Get started,https://dashboard.algolia.com/users/sign_up,true
https://www.algolia.com/ecommerce-merchandising-playbook/managing-replica-indices,playbook,implement,enablement,Get started,https://dashboard.algolia.com/users/sign_up,true
https://www.algolia.com/developers/code-exchange/recent-searches-autocomplete-plugin,code-exchange,implement,enablement,Get started,https://dashboard.algolia.com/users/sign_up,true
https://www.algolia.com/products/ai,product,evaluate,conversion,Get a demo,https://www.algolia.com/demorequest,true
https://www.algolia.com/developers/code-exchange/image-search-ocr-delivery-scanner,code-exchange,implement,enablement,Get started,https://dashboard.algolia.com/users/sign_up,true
https://www.algolia.com/resources/asset/ebook-personalizationwithai/personalization-maturity-model,resource,learn,seo-acquisition,Get a demo,https://www.algolia.com/demorequest,true
https://www.algolia.com/resources/asset/video-ai-led-merchandising,resource,learn,seo-acquisition,Get a demo,https://www.algolia.com/demorequest/,true
https://www.algolia.com/developers/mobile-web-instantsearch-react,developer,implement,enablement,Get started with React InstantSearch,https://www.algolia.com/doc/guides/building-search-ui/getting-started/react-hooks/,true
https://www.algolia.com/products/features/search-relevance-rules,product,evaluate,conversion,Get a demo,https://www.algolia.com/demorequest,true
https://www.algolia.com/products/ai/generative-experiences,product,evaluate,conversion,Get a demo,https://www.algolia.com/demorequest?utm_cta=generativeexperiences,true
https://www.algolia.com/lp/b2b-search-audit-ebook-gated,landing-page,evaluate,conversion,Get started,https://dashboard.algolia.com/users/sign_up,true
https://www.algolia.com/products/intelligent-data-kit,product,evaluate,conversion,Get a demo,https://www.algolia.com/demorequest,true
https://www.algolia.com/developers/code-exchange/integrate-docusaurus-with-algolia-docsearch,code-exchange,implement,enablement,Get started,https://dashboard.algolia.com/users/sign_up,true
https://www.algolia.com/developers/code-exchange/restaurant-search,code-exchange,implement,enablement,Get started,https://dashboard.algolia.com/users/sign_up,true
https://www.algolia.com/developers/code-exchange/indexing-markdown-files-and-metadata-using-node-js,code-exchange,implement,enablement,Get started,https://dashboard.algolia.com/users/sign_up,true
https://www.algolia.com/developers/code-exchange/integrate-cosmic-with-algolia,code-exchange,implement,enablement,Get started,https://dashboard.algolia.com/users/sign_up,true
https://www.algolia.com/mach-alliance,partner,evaluate,trust-building,Book a demo,https://www.algolia.com/demorequest,true
https://www.algolia.com/developers/code-exchange/integrate-yepcode-with-algolia,code-exchange,implement,enablement,Get started,https://dashboard.algolia.com/users/sign_up,true
https://www.algolia.com/developers/code-exchange/integrate-vuepress-with-algolia,code-exchange,implement,enablement,Get started,https://dashboard.algolia.com/users/sign_up,true
https://www.algolia.com/developers/code-exchange/indexing-with-python,code-exchange,implement,enablement,Get started,https://dashboard.algolia.com/users/sign_up,true
https://www.algolia.com/developers/code-exchange/integrate-nopcommerce-with-algolia,code-exchange,implement,enablement,Get started,https://dashboard.algolia.com/users/sign_up,true
https://www.algolia.com/lp/digital-expert-series/digital-expert-series-thank-you,landing-page,evaluate,conversion,Get started,https://dashboard.algolia.com/users/sign_up,true
https://www.algolia.com/lp/algolia-at-a-glance-delivery,landing-page,evaluate,conversion,Get started,https://dashboard.algolia.com/users/sign_up,true
https://www.algolia.com/developers/code-exchange/integrate-postgresql-with-algolia,code-exchange,implement,enablement,Get started,https://dashboard.algolia.com/users/sign_up,true
https://www.algolia.com/developers/code-exchange/query-suggestions-on-ios,code-exchange,implement,enablement,Get started,https://dashboard.algolia.com/users/sign_up,true
https://www.algolia.com/developers/code-exchange/oriums-commercetools-accelerator,code-exchange,implement,enablement,Get started,https://dashboard.algolia.com/users/sign_up,true
https://www.algolia.com/developers/code-exchange/mars-accelerator-by-intive,code-exchange,implement,enablement,Get started,https://dashboard.algolia.com/users/sign_up,true
https://www.algolia.com/developers/code-exchange/integrate-tapcart-with-algolia,code-exchange,implement,enablement,Get started,https://dashboard.algolia.com/users/sign_up,true
https://www.algolia.com/resources/asset/ebook-using-ai-search-for-better-b2b-buying-experiences,resource,learn,seo-acquisition,Get a demo,https://www.algolia.com/demorequest/,true
https://www.algolia.com/products/features/search-autocomplete,product,evaluate,conversion,Get a demo,https://www.algolia.com/demorequest/,true
https://www.algolia.com/lp/algoliaxshopify,landing-page,evaluate,conversion,Get started,https://dashboard.algolia.com/users/sign_up,true
https://www.algolia.com/resources/asset/infographic-shoppingguides,resource,learn,seo-acquisition,Get a demo,https://www.algolia.com/demorequest/,true
https://www.algolia.com/ecommerce-merchandising-playbook,playbook,implement,enablement,Get started,https://dashboard.algolia.com/users/sign_up,true
https://www.algolia.com/resources/asset/ebook-reevaluating-llm-encoders/limitations-of-existing-benchmarks,resource,learn,seo-acquisition,Get a demo,https://www.algolia.com/demorequest/,true
https://www.algolia.com/developers/code-exchange/integrate-contentful-with-algolia,code-exchange,implement,enablement,Get started,https://dashboard.algolia.com/users/sign_up,true
https://www.algolia.com/developers/code-exchange/integrate-contentsquare-with-algolia,code-exchange,implement,enablement,Get started,https://dashboard.algolia.com/users/sign_up,true
https://www.algolia.com/resources/asset/ebook-ai-merchandising/introduction,resource,learn,seo-acquisition,Get a demo,https://www.algolia.com/demorequest,true
https://www.algolia.com/developers/search-api-scala,developer,implement,enablement,Get started for free,https://www.algolia.com/users/sign_up/,true
https://www.algolia.com/resources/asset/aiaslaunchpads,resource,learn,seo-acquisition,Get a demo,https://www.algolia.com/demorequest/,true
https://www.algolia.com/resources/asset/ebook-aisearch/introduction,resource,learn,seo-acquisition,Get a demo,https://www.algolia.com/demorequest,true
https://www.algolia.com/resources/asset/ebook-headlesscomposablesolutions/what-is-headless-and-composable-architecture,resource,learn,seo-acquisition,Get a demo,https://www.algolia.com/demorequest,true
https://www.algolia.com/developers/code-exchange/lotus-docs-documentation-site-starter,code-exchange,implement,enablement,Get started,https://dashboard.algolia.com/users/sign_up,true
https://www.algolia.com/developers/code-exchange/json-connector,code-exchange,implement,enablement,Get started,https://dashboard.algolia.com/users/sign_up,true
https://www.algolia.com/developers/lp-mcp,developer,implement,enablement,Get started,https://dashboard.algolia.com/users/sign_up,true
https://www.algolia.com/developers/code-exchange/marker-widget,code-exchange,implement,enablement,Get started,https://dashboard.algolia.com/users/sign_up,true
https://www.algolia.com/developers/code-exchange/workplace-app-search,code-exchange,implement,enablement,Get started,https://dashboard.algolia.com/users/sign_up,true
https://www.algolia.com/resources/asset/ebook-leveling-up-search-with-ai/what-is-ecommerce-personalization,resource,learn,seo-acquisition,Get a demo,https://www.algolia.com/demorequest/,true
https://www.algolia.com/resources/asset/ebook-search-that-understands,resource,learn,seo-acquisition,Get a demo,https://www.algolia.com/demorequest/,true
https://www.algolia.com/developers/code-exchange/menu-select-widget,code-exchange,implement,enablement,Get started,https://dashboard.algolia.com/users/sign_up,true
https://www.algolia.com/resources/asset/ebook-b2b-search-decision-maker-checklist,resource,learn,seo-acquisition,Get a demo,https://www.algolia.com/demorequest,true
https://www.algolia.com/developers/code-exchange/integrate-salesforce-commerce-cloud-with-algolia,code-exchange,implement,enablement,Get started,https://dashboard.algolia.com/users/sign_up,true
https://www.algolia.com/developers/code-exchange/nuxt-3-module-integration,code-exchange,implement,enablement,Get started,https://dashboard.algolia.com/users/sign_up,true
https://www.algolia.com/ecommerce-merchandising-playbook/custom-ranking,playbook,implement,enablement,Get started,https://dashboard.algolia.com/users/sign_up,true
https://www.algolia.com/developers/code-exchange/query-suggestions-example,code-exchange,implement,enablement,Get started,https://dashboard.algolia.com/users/sign_up,true
https://www.algolia.com/resources/asset/ebook-transforming-search-ai,resource,learn,seo-acquisition,Get a demo,https://www.algolia.com/demorequest,true
https://www.algolia.com/resources/asset/video-build101-push-data-with-the-cli,resource,learn,seo-acquisition,Get a demo,https://www.algolia.com/demorequest/,true
https://www.algolia.com/resources/asset/infographic-datatransformations,resource,learn,seo-acquisition,Get a demo,https://www.algolia.com/demorequest/,true
https://www.algolia.com/developers/code-exchange/sort-by-widget,code-exchange,implement,enablement,Get started,https://dashboard.algolia.com/users/sign_up,true
https://www.algolia.com/developers/code-exchange/menu-widget,code-exchange,implement,enablement,Get started,https://dashboard.algolia.com/users/sign_up,true
https://www.algolia.com/pricing/elevate,pricing,buy,conversion,Get started,https://dashboard.algolia.com/users/sign_up?build=1,true
https://www.algolia.com/partner-program/education,partner,evaluate,trust-building,Get started,https://dashboard.algolia.com/users/sign_up,true
https://www.algolia.com/resources/asset/video-frasers-group,resource,learn,seo-acquisition,Get a demo,https://www.algolia.com/demorequest/,true
https://www.algolia.com/developers/code-exchange/integrate-strapi-with-algolia,code-exchange,implement,enablement,Get started,https://dashboard.algolia.com/users/sign_up,true
https://www.algolia.com/developers/code-exchange/integrate-magnolia-cms-with-algolia,code-exchange,implement,enablement,Get started,https://dashboard.algolia.com/users/sign_up,true
https://www.algolia.com/resources/asset/infographic-value-of-choosing-algolia,resource,learn,seo-acquisition,Get a demo,https://www.algolia.com/demorequest/,true
https://www.algolia.com/developers/code-exchange/numeric-menu-widget,code-exchange,implement,enablement,Get started,https://dashboard.algolia.com/users/sign_up,true
https://www.algolia.com/lp/digital-expert-series,landing-page,evaluate,conversion,Get started,https://dashboard.algolia.com/users/sign_up,true
https://www.algolia.com/developers/code-exchange/supabase-connector,code-exchange,implement,enablement,Get started,https://dashboard.algolia.com/users/sign_up,true
https://www.algolia.com/resources/asset/webinar-oriumcomposablecommerce,resource,learn,seo-acquisition,Get a demo,https://www.algolia.com/demorequest/,true
https://www.algolia.com/developers/code-exchange/integrate-sanity-with-algolia,code-exchange,implement,enablement,Get started,https://dashboard.algolia.com/users/sign_up,true
https://www.algolia.com/developers/code-exchange/klaviyo-connector,code-exchange,implement,enablement,Get started,https://dashboard.algolia.com/users/sign_up,true
https://www.algolia.com/developers/code-exchange/orium-b2b-commercetools-accelerator,code-exchange,implement,enablement,Get started,https://dashboard.algolia.com/users/sign_up,true
https://www.algolia.com/developers/code-exchange/jamm-by-matter-design,code-exchange,implement,enablement,Get started,https://dashboard.algolia.com/users/sign_up,true
https://www.algolia.com/developers/code-exchange/redo-widget,code-exchange,implement,enablement,Get started,https://dashboard.algolia.com/users/sign_up,true
https://www.algolia.com/developers/code-exchange/integrating-pdfs-with-algolia,code-exchange,implement,enablement,Get started,https://dashboard.algolia.com/users/sign_up,true
https://www.algolia.com/developers/code-exchange/range-input-widget,code-exchange,implement,enablement,Get started,https://dashboard.algolia.com/users/sign_up,true
https://www.algolia.com/industries/media,industry,evaluate,conversion,Get a demo,https://www.algolia.com/demorequest?utm_cta=media,true
https://www.algolia.com/developers/code-exchange/query-rule-custom-data-widget,code-exchange,implement,enablement,Get started,https://dashboard.algolia.com/users/sign_up,true
https://www.algolia.com/developers/code-exchange/integrate-zendesk-with-algolia,code-exchange,implement,enablement,Get started,https://dashboard.algolia.com/users/sign_up,true
https://www.algolia.com/resources/asset/ebook-searchteamroles,resource,learn,seo-acquisition,Get a demo,https://www.algolia.com/demorequest,true
https://www.algolia.com/lp/b2c-ecommerce-site-search-report-2025,landing-page,evaluate,conversion,Download the TEI study,https://www.algolia.com/lp/algolia-forrester-tei-report-2026?utm_cta=homepagecarousel,true
https://www.algolia.com/developers/code-exchange/integrate-zapier-with-algolia,code-exchange,implement,enablement,Get started,https://dashboard.algolia.com/users/sign_up,true
https://www.algolia.com/lp/b2b-site-search-report-2026,landing-page,evaluate,conversion,Get Started,https://dashboard.algolia.com/users/sign_up,true
https://www.algolia.com/lp/event-microsoft-build-2026,landing-page,evaluate,conversion,Download the TEI study,https://www.algolia.com/lp/algolia-forrester-tei-report-2026?utm_cta=homepagecarousel,true
https://www.algolia.com/lp/event-adobe-summit-2025,landing-page,evaluate,conversion,Download the TEI study,https://www.algolia.com/lp/algolia-forrester-tei-report-2026?utm_cta=homepagecarousel,true
https://www.algolia.com/developers/code-exchange/loading-mobile-component,code-exchange,implement,enablement,Get started,https://dashboard.algolia.com/users/sign_up,true
https://www.algolia.com/developers/search-api-javascript,developer,implement,enablement,Get started with InstantSearch JS,https://www.algolia.com/doc/guides/building-search-ui/getting-started/js/,true
https://www.algolia.com/developers/code-exchange/query-rule-custom-data-mobile-component,code-exchange,implement,enablement,Get started,https://dashboard.algolia.com/users/sign_up,true
https://www.algolia.com/developers/code-exchange/react-boilerplate-demo,code-exchange,implement,enablement,Get started,https://dashboard.algolia.com/users/sign_up,true
https://www.algolia.com/resources/asset/ebook-power-up-product-recommendations/the-power-and-potential-of-ai-recommendations,resource,learn,seo-acquisition,Get a demo,https://www.algolia.com/demorequest,true
https://www.algolia.com/lp/request-pricing,landing-page,evaluate,conversion,,,true
https://www.algolia.com/industries/b2b-ecommerce,industry,evaluate,conversion,Get a demo,https://www.algolia.com/demorequest?utm_cta=b2becommerce,true
https://www.algolia.com/developers/code-exchange/kega-accelerator-for-composable,code-exchange,implement,enablement,Get started,https://dashboard.algolia.com/users/sign_up,true
https://www.algolia.com/resources/asset/ebook-holidaydata/recovering-from-your-busiest-time-of-the-year,resource,learn,seo-acquisition,Get a demo,https://www.algolia.com/demorequest/,true
https://www.algolia.com/developers/code-exchange/loading-flutter-component,code-exchange,implement,enablement,Get started,https://dashboard.algolia.com/users/sign_up,true
https://www.algolia.com/resources/asset/ebook-the-no-code-approach-to-clean-data,resource,learn,seo-acquisition,Get a demo,https://www.algolia.com/demorequest/,true
https://www.algolia.com/exclusive/masterclass-events-feb26,landing-page,evaluate,conversion,Get started,https://dashboard.algolia.com/users/sign_up,true
https://www.algolia.com/pricing/grow-plan,pricing,buy,conversion,Get started,https://dashboard.algolia.com/users/sign_up?build=1,true
https://www.algolia.com/resources/asset/ebook-holidaydata/reinforcing-the-search-experience-how-to-use-your-merchandising-data,resource,learn,seo-acquisition,Get a demo,https://www.algolia.com/demorequest/,true
https://www.algolia.com/developers/code-exchange/relevant-sort-widget,code-exchange,implement,enablement,Get started,https://dashboard.algolia.com/users/sign_up,true
https://www.algolia.com/resources/asset/ebook-holidaydata/are-you-asking-the-right-questions-what-needs-to-improve-and-the-search-audit,resource,learn,seo-acquisition,Get a demo,https://www.algolia.com/demorequest/,true
https://www.algolia.com/resources/asset/ebook-personalization-profiles,resource,learn,seo-acquisition,Get a demo,https://www.algolia.com/demorequest,true
https://www.algolia.com/ecommerce-merchandising-playbook/events-planning,playbook,implement,enablement,Get started,https://dashboard.algolia.com/users/sign_up,true
https://www.algolia.com/developers/code-exchange/relevant-sort-mobile-component,code-exchange,implement,enablement,Get started,https://dashboard.algolia.com/users/sign_up,true
https://www.algolia.com/developers/code-exchange/search-state-flutter-component,code-exchange,implement,enablement,Get started,https://dashboard.algolia.com/users/sign_up,true
https://www.algolia.com/resources/asset/ebook-turn-your-black-friday-data-into-actionable-insights,resource,learn,seo-acquisition,Get a demo,https://www.algolia.com/demorequest,true
https://www.algolia.com/resources/asset/infographic-bigcommerce,resource,learn,seo-acquisition,Get a demo,https://www.algolia.com/demorequest/,true
https://www.algolia.com/developers/lp-developer-external-pages/bubble,developer,implement,enablement,Get started,https://dashboard.algolia.com/users/sign_up,true
https://www.algolia.com/developers/code-exchange/toggle-refinement-widget,code-exchange,implement,enablement,Get started,https://dashboard.algolia.com/users/sign_up,true
https://www.algolia.com/developers/code-exchange/related-items,code-exchange,implement,enablement,Get started,https://dashboard.algolia.com/users/sign_up,true
https://www.algolia.com/lp/thankyou-inference-API,landing-page,evaluate,conversion,Get started,https://dashboard.algolia.com/users/sign_up,true
https://www.algolia.com/developers/code-exchange/size-refinement-list,code-exchange,implement,enablement,Get started,https://dashboard.algolia.com/users/sign_up,true
https://www.algolia.com/developers/code-exchange/refinement-list-widget,code-exchange,implement,enablement,Get started,https://dashboard.algolia.com/users/sign_up,true
https://www.algolia.com/resources/asset/video-build101-autocomplete,resource,learn,seo-acquisition,Get a demo,https://www.algolia.com/demorequest/,true
https://www.algolia.com/developers/code-exchange/query-mobile-component,code-exchange,implement,enablement,Get started,https://dashboard.algolia.com/users/sign_up,true
https://www.algolia.com/developers/code-exchange/panel-widget,code-exchange,implement,enablement,Get started,https://dashboard.algolia.com/users/sign_up,true
https://www.algolia.com/resources/asset/webinar-gluopartnerwebinar,resource,learn,seo-acquisition,Get a demo,https://www.algolia.com/demorequest/,true
https://www.algolia.com/industries/ecommerce,industry,evaluate,conversion,Get a demo,https://www.algolia.com/demorequest?utm_cta=retailecommerce,true
https://www.algolia.com/ecommerce-merchandising-playbook/search-results-page-merchandising,playbook,implement,enablement,Get started,https://dashboard.algolia.com/users/sign_up,true
https://www.algolia.com/ecommerce-merchandising-playbook/merchandise-category-pages,playbook,implement,enablement,Get started,https://dashboard.algolia.com/users/sign_up,true
https://www.algolia.com/lp/customer-hero-stories,landing-page,evaluate,conversion,Get started,https://dashboard.algolia.com/users/sign_up,true
https://www.algolia.com/developers/code-exchange/personalized-email-recommendations,code-exchange,implement,enablement,Get started,https://dashboard.algolia.com/users/sign_up,true
https://www.algolia.com/developers/code-exchange/query-suggestions-with-categories-on-ios,code-exchange,implement,enablement,Get started,https://dashboard.algolia.com/users/sign_up,true
https://www.algolia.com/ecommerce-merchandising-playbook/optimize-conversions-for-popular-category-pages,playbook,implement,enablement,Get started,https://dashboard.algolia.com/users/sign_up,true
https://www.algolia.com/ecommerce-merchandising-playbook/configuring-analytics-tags,playbook,implement,enablement,Get started,https://dashboard.algolia.com/users/sign_up,true
https://www.algolia.com/resources/asset/webinar-bioivtheadless-field,resource,learn,seo-acquisition,Get a demo,https://www.algolia.com/demorequest/,true
https://www.algolia.com/ecommerce-merchandising-playbook/analyze-your-search-and-browse-audiences-in-google-analytics,playbook,implement,enablement,Get started,https://dashboard.algolia.com/users/sign_up,true
https://www.algolia.com/ecommerce-merchandising-playbook/monitor-kpi-data-across-user-journey,playbook,implement,enablement,Get started,https://dashboard.algolia.com/users/sign_up,true
https://www.algolia.com/ecommerce-merchandising-playbook/prepare-for-black-friday-2023,playbook,implement,enablement,Get started,https://dashboard.algolia.com/users/sign_up,true
https://www.algolia.com/ecommerce-merchandising-playbook/set-up-permissions,playbook,implement,enablement,Get started,https://dashboard.algolia.com/users/sign_up,true
https://www.algolia.com/lp/groceryshop-techtalk-2025,landing-page,evaluate,conversion,Get started,https://dashboard.algolia.com/users/sign_up,true
https://www.algolia.com/resources/asset/ebook-build-marketplace-search,resource,learn,seo-acquisition,Get a demo,https://www.algolia.com/demorequest,true
https://www.algolia.com/events,event,learn,seo-acquisition,Get started,https://dashboard.algolia.com/users/sign_up,true
https://www.algolia.com/resources/asset/ebook-ai-trends-in-b2b-ecommerce-search-2026,resource,learn,seo-acquisition,Get a demo,https://www.algolia.com/demorequest/,true
https://www.algolia.com/developers/code-exchange/search-stone,code-exchange,implement,enablement,Get started,https://dashboard.algolia.com/users/sign_up,true
https://www.algolia.com/industries/startups,industry,evaluate,conversion,Get a demo,https://www.algolia.com/demorequest,true
https://www.algolia.com/resources/asset/from-search-bar-to-smart-assistant-reinventing-the-shopping-experience,resource,learn,seo-acquisition,Get a demo,https://www.algolia.com/demorequest/,true
https://www.algolia.com/developers/code-exchange/related-items-mobile-component,code-exchange,implement,enablement,Get started,https://dashboard.algolia.com/users/sign_up,true
https://www.algolia.com/resources/asset/infographic-adobe-experience-manager,resource,learn,seo-acquisition,Get a demo,https://www.algolia.com/demorequest/,true
https://www.algolia.com/developers/code-exchange/search-by-categories-results-sections-on-ios,code-exchange,implement,enablement,Get started,https://dashboard.algolia.com/users/sign_up,true
https://www.algolia.com/developers/ruby-on-rails,developer,implement,enablement,Get started for free,https://www.algolia.com/users/sign_up/,true
https://www.algolia.com/resources/asset/ebook-defensiveux,resource,learn,seo-acquisition,Get a demo,https://www.algolia.com/demorequest,true
https://www.algolia.com/developers/web-instantsearch-vanilla-js,developer,implement,enablement,Get started with InstantSearch JS,https://www.algolia.com/doc/guides/building-search-ui/getting-started/js/,true
https://www.algolia.com/developers/lp-developer-external-pages/meteor,developer,implement,enablement,Get started,https://dashboard.algolia.com/users/sign_up,true
https://www.algolia.com/resources/asset/report-paradigm-b2b-enterprise,resource,learn,seo-acquisition,Get a demo,https://www.algolia.com/demorequest/,true
https://www.algolia.com/search-solutions/embedded-partnerships,solution,evaluate,conversion,Get a demo,https://www.algolia.com/demorequest,true
https://www.algolia.com/resources/asset/ebook-holidaydata/test-and-iterate-the-continuous-learning-approach,resource,learn,seo-acquisition,Get a demo,https://www.algolia.com/demorequest/,true
https://www.algolia.com/developers/integrations/zendesk,developer,implement,enablement,Get started,https://dashboard.algolia.com/users/sign_up,true
https://www.algolia.com/resources/asset/ebook-aiecommerce/9-ai-as-a-service-ai-via-api,resource,learn,seo-acquisition,Get a demo,https://www.algolia.com/demorequest/,true
https://www.algolia.com/developers/code-exchange/segment-event-connector,code-exchange,implement,enablement,Get started,https://dashboard.algolia.com/users/sign_up,true
https://www.algolia.com/developers/code-exchange/sort-by-mobile-component,code-exchange,implement,enablement,Get started,https://dashboard.algolia.com/users/sign_up,true
https://www.algolia.com/developers/code-exchange/search-box-mobile-component,code-exchange,implement,enablement,Get started,https://dashboard.algolia.com/users/sign_up,true
https://www.algolia.com/developers/code-exchange/search-with-confluence-data,code-exchange,implement,enablement,Get started,https://dashboard.algolia.com/users/sign_up,true
https://www.algolia.com/developers/code-exchange/tags-autocomplete-plugin,code-exchange,implement,enablement,Get started,https://dashboard.algolia.com/users/sign_up,true
https://www.algolia.com/resources/asset/ebook-aisearchcapabilities/intro,resource,learn,seo-acquisition,Get a demo,https://www.algolia.com/demorequest,true
https://www.algolia.com/resources/asset/video-commercetools,resource,learn,seo-acquisition,Get a demo,https://www.algolia.com/demorequest/,true
https://www.algolia.com/resources/asset/dataconnectivitymadeeasy,resource,learn,seo-acquisition,Get a demo,https://www.algolia.com/demorequest/,true
https://www.algolia.com/resources/asset/ebook-ai-merchandising,resource,learn,seo-acquisition,Get a demo,https://www.algolia.com/demorequest,true
https://www.algolia.com/developers/lp-developer-external-pages/docusaurus,developer,implement,enablement,Get started,https://dashboard.algolia.com/users/sign_up,true
https://www.algolia.com/resources,resource-hub,learn,seo-acquisition,Get a demo,https://www.algolia.com/demorequest/,true
https://www.algolia.com/products,product-hub,evaluate,conversion,Get a demo,https://www.algolia.com/demorequest,true
https://www.algolia.com/products/features/personalization,product,evaluate,conversion,Get a demo,https://www.algolia.com/demorequest,true
https://www.algolia.com/ecommerce-merchandising-playbook/analytics,playbook,implement,enablement,Get started,https://dashboard.algolia.com/users/sign_up,true
https://www.algolia.com/developers/lp-developer-external-pages,developer,implement,enablement,Get started,https://dashboard.algolia.com/users/sign_up,true
https://www.algolia.com/resources/asset/boost-ecommerce-sales-with-ai-powered-product-groupings-search-queries,resource,learn,seo-acquisition,Get a demo,https://www.algolia.com/demorequest/,true
https://www.algolia.com/developers/integrations,developer,implement,enablement,Get started,https://dashboard.algolia.com/users/sign_up,true
https://www.algolia.com/developers/lp-developer-external-pages/vuepress,developer,implement,enablement,Get started,https://dashboard.algolia.com/users/sign_up,true
https://www.algolia.com/developers/lp-developer-external-pages/nodejs,developer,implement,enablement,Get started,https://dashboard.algolia.com/users/sign_up,true
https://www.algolia.com/developers/lp-developer-external-pages/wordpress,developer,implement,enablement,Get started,https://dashboard.algolia.com/users/sign_up,true
https://www.algolia.com/resources/asset/ebook-merchandising-ai-era,resource,learn,seo-acquisition,Get a demo,https://www.algolia.com/demorequest/,true
https://www.algolia.com/developers/lp-developer-external-pages/jekyll,developer,implement,enablement,Get started,https://dashboard.algolia.com/users/sign_up,true
https://www.algolia.com/ecommerce-merchandising-playbook/merchandise-search-results-page,playbook,implement,enablement,Get started,https://dashboard.algolia.com/users/sign_up,true
https://www.algolia.com/developers/lp-developer-external-pages/gatsby,developer,implement,enablement,Get started,https://dashboard.algolia.com/users/sign_up,true
https://www.algolia.com/master-list-for-code-exchnage/contributor,code-exchange,implement,enablement,,,true
https://www.algolia.com/developers/web-instantsearch-angular,developer,implement,enablement,Get started,https://dashboard.algolia.com/users/sign_up,true
https://www.algolia.com/resources/asset/video-build101-data-formats-for-relevant-search,resource,learn,seo-acquisition,Get a demo,https://www.algolia.com/demorequest/,true
https://www.algolia.com/resources/asset/ebook-aiecommerce/5-personalization-finally-arrives,resource,learn,seo-acquisition,Get a demo,https://www.algolia.com/demorequest/,true
https://www.algolia.com/partner-program/algolia-partner-program-tiers,partner,evaluate,trust-building,Get started,https://dashboard.algolia.com/users/sign_up,true
https://www.algolia.com/resources/asset/webinar-masterb2bunwebinar-genai,resource,learn,seo-acquisition,Get a demo,https://www.algolia.com/demorequest/,true
https://www.algolia.com/lp/tradeshow-ty,landing-page,evaluate,conversion,Get a demo,https://www.algolia.com/lp/tradeshow-ty,true
https://www.algolia.com/resources/asset/blazingfastsearchnuxt,resource,learn,seo-acquisition,Get a demo,https://www.algolia.com/demorequest/,true
https://www.algolia.com/resources/asset/ebook-virtualassistants/1-decision-making-transparency,resource,learn,seo-acquisition,Get a demo,https://www.algolia.com/demorequest,true
https://www.algolia.com/ecommerce-merchandising-playbook/merchandis-facets-on-category-pages,playbook,implement,enablement,Get started,https://dashboard.algolia.com/users/sign_up,true
https://www.algolia.com/resources/asset/video-connectlillegreenweez,resource,learn,seo-acquisition,Get a demo,https://www.algolia.com/demorequest/,true
https://www.algolia.com/developers/search-api,developer,implement,enablement,Get started guide,https://www.algolia.com/doc/guides/getting-started/what-is-algolia/,true
https://www.algolia.com/developers/lp-firebase-search-extension,developer,implement,enablement,Get started,https://dashboard.algolia.com/users/sign_up,true
https://www.algolia.com/developers/lp-developer-external-pages/parse,developer,implement,enablement,Get started,https://dashboard.algolia.com/users/sign_up,true
https://www.algolia.com/ecommerce-merchandising-playbook/rules-context,playbook,implement,enablement,Get started,https://dashboard.algolia.com/users/sign_up,true
https://www.algolia.com/resources/asset/infographic-ai-personalization-terms,resource,learn,seo-acquisition,Get a demo,https://www.algolia.com/demorequest/,true
https://www.algolia.com/ecommerce-merchandising-playbook/merchandising-during-sale-periods,playbook,implement,enablement,Get started,https://dashboard.algolia.com/users/sign_up,true
https://www.algolia.com/resources/asset/ebook-leveling-up-search-with-ai/getting-started-with-ai-enabled-personalization,resource,learn,seo-acquisition,Get a demo,https://www.algolia.com/demorequest/,true
https://www.algolia.com/ecommerce-merchandising-playbook/managing-variants,playbook,implement,enablement,Get started,https://dashboard.algolia.com/users/sign_up,true
https://www.algolia.com/developers/search-api-kotlin,developer,implement,enablement,Get started for free,https://www.algolia.com/users/sign_up/,true
https://www.algolia.com/resources/asset/video-walgreensrealtime,resource,learn,seo-acquisition,Get a demo,https://www.algolia.com/demorequest/,true
https://www.algolia.com/resources/asset/ebook-transforming-search-ai/introduction,resource,learn,seo-acquisition,Get a demo,https://www.algolia.com/demorequest,true
https://www.algolia.com/resources/asset/ebook-reevaluating-llm-encoders/analysis-and-results,resource,learn,seo-acquisition,Get a demo,https://www.algolia.com/demorequest/,true
https://www.algolia.com/resources/asset/ebook-ctosguide/how-native-ai-search-reduces-workloads-while-improving-understanding-and-user-experience,resource,learn,seo-acquisition,Get a demo,https://www.algolia.com/demorequest,true
https://www.algolia.com/for-open-source,program,apply,trust-building,Get a demo,https://www.algolia.com/demorequest,true
https://www.algolia.com/ecommerce-merchandising-playbook/merchandising-goals,playbook,implement,enablement,Get started,https://dashboard.algolia.com/users/sign_up,true
https://www.algolia.com/ecommerce-merchandising-playbook/ab-testing,playbook,implement,enablement,Get started,https://dashboard.algolia.com/users/sign_up,true
https://www.algolia.com/lp/thankyou-b2c-site-search-report-2024,landing-page,evaluate,conversion,Get started,https://dashboard.algolia.com/users/sign_up,true
https://www.algolia.com/resources/asset/ebook-b2bimperative/introduction,resource,learn,seo-acquisition,Get a demo,https://www.algolia.com/demorequest,true
https://www.algolia.com/resources/asset/ebook-aiecommerce/6-merchandising-ai-learning-via-human-feedback,resource,learn,seo-acquisition,Get a demo,https://www.algolia.com/demorequest/,true
https://www.algolia.com/industries/marketplaces,industry,evaluate,conversion,Get a demo,https://www.algolia.com/demorequest?utm_content=marketplace,true
https://www.algolia.com/ecommerce-merchandising-playbook/optimize-conversions-for-popular-queries,playbook,implement,enablement,Get started,https://dashboard.algolia.com/users/sign_up,true
https://www.algolia.com/resources/asset/ebook-aiecommerce/8-multi-media-shopping,resource,learn,seo-acquisition,Get a demo,https://www.algolia.com/demorequest/,true
https://www.algolia.com/resources/asset/webinar-digitalexpert-ca-harryrosen-retail,resource,learn,seo-acquisition,Get a demo,https://www.algolia.com/demorequest/,true
https://www.algolia.com/products/features,product,evaluate,conversion,Get a demo,https://www.algolia.com/demorequest,true
https://www.algolia.com/resources/asset/ebook-aiecommerce/2-results-ranking-gets-supercharged,resource,learn,seo-acquisition,Get a demo,https://www.algolia.com/demorequest/,true
https://www.algolia.com/ecommerce-merchandising-playbook/redirects,playbook,implement,enablement,Get started,https://dashboard.algolia.com/users/sign_up,true
https://www.algolia.com/ecommerce-merchandising-playbook/inject-content,playbook,implement,enablement,Get started,https://dashboard.algolia.com/users/sign_up,true
https://www.algolia.com/products/features/data-enrichment,product,evaluate,conversion,Get a demo,https://www.algolia.com/demorequest,true
https://www.algolia.com/lp/the-winding-road,landing-page,evaluate,conversion,Get started,https://dashboard.algolia.com/users/sign_up,true
https://www.algolia.com/ecommerce-merchandising-playbook/null-results-optimization,playbook,implement,enablement,Get started,https://dashboard.algolia.com/users/sign_up,true
https://www.algolia.com/ecommerce-merchandising-playbook/configuring-language-settings,playbook,implement,enablement,Get started,https://dashboard.algolia.com/users/sign_up,true
https://www.algolia.com/lp,landing-page,evaluate,conversion,Get a demo,https://www.algolia.com/demorequest,true
https://www.algolia.com/lp/adobe-tech-stack-b2b,landing-page,evaluate,conversion,Get a demo,https://www.algolia.com/lp/adobe-tech-stack-b2b#form,true
https://www.algolia.com/products/features/ab-testing,product,evaluate,conversion,Get a demo,https://www.algolia.com/demorequest,true
https://www.algolia.com/ecommerce-merchandising-playbook/personalization,playbook,implement,enablement,Get started,https://dashboard.algolia.com/users/sign_up,true
https://www.algolia.com/resources/asset/ebook-6-reasons-to-buy-ai-services-over-building-them/talent,resource,learn,seo-acquisition,Get a demo,https://www.algolia.com/demorequest,true
https://www.algolia.com/ecommerce-merchandising-playbook/query-suggestions,playbook,implement,enablement,Get started,https://dashboard.algolia.com/users/sign_up,true
https://www.algolia.com/products/ai/agent-studio,product,evaluate,conversion,Get a demo,https://www.algolia.com/demorequest,true
https://www.algolia.com/lp/ecommerce,landing-page,evaluate,conversion,Get a demo,https://www.algolia.com/demorequest?utm_cta=retailecommerce,true
https://www.algolia.com/resources/asset/ebook-build-marketplace-search/introduction,resource,learn,seo-acquisition,Get a demo,https://www.algolia.com/demorequest,true
https://www.algolia.com/resources/asset/video-breville,resource,learn,seo-acquisition,Get a demo,https://www.algolia.com/demorequest/,true
https://www.algolia.com/industries/saas,industry,evaluate,conversion,Get a demo,https://www.algolia.com/demorequest?utm_content=SaaS,true
https://www.algolia.com/lp/digital-expert-series/digital-expert-series-home,landing-page,evaluate,conversion,Get started,https://dashboard.algolia.com/users/sign_up,true
https://www.algolia.com/lp/thankyou-onboarding-kickoff,landing-page,evaluate,conversion,Get started,https://dashboard.algolia.com/users/sign_up,true
https://www.algolia.com/lp/adobe-tech-stack,landing-page,evaluate,conversion,Get a demo,https://www.algolia.com/lp/adobe-tech-stack#form,true
https://www.algolia.com/products/features/data-transformation,product,evaluate,conversion,Get a demo,https://www.algolia.com/demorequest,true
https://www.algolia.com/events/event-leadsummit-1,event,learn,seo-acquisition,Get started,https://dashboard.algolia.com/users/sign_up,true
https://www.algolia.com/ecommerce-merchandising-playbook/recommendations-rules,playbook,implement,enablement,Get started,https://dashboard.algolia.com/users/sign_up,true
https://www.algolia.com/industries/ecommerce/bfcm,industry,evaluate,conversion,Get a demo,https://www.algolia.com/demorequest,true
https://www.algolia.com/resources/asset/ebook-power-up-product-recommendations,resource,learn,seo-acquisition,Get a demo,https://www.algolia.com/demorequest,true
https://www.algolia.com/resources/asset/ebook-advanced-search-adobe-commerce,resource,learn,seo-acquisition,Get a demo,https://www.algolia.com/demorequest,true
https://www.algolia.com/lp/gartner-magic-quadrant-2025,landing-page,evaluate,conversion,Get started,https://dashboard.algolia.com/users/sign_up,true
https://www.algolia.com/ecommerce-merchandising-playbook/testing-relevance,playbook,implement,enablement,Get started,https://dashboard.algolia.com/users/sign_up,true
https://www.algolia.com/lp/b2b-site-search-report-2025,landing-page,evaluate,conversion,Get started,https://dashboard.algolia.com/users/sign_up,true
https://www.algolia.com/lp/executive-dinner-charitable-giving,landing-page,evaluate,conversion,Get started,https://dashboard.algolia.com/users/sign_up,true
https://www.algolia.com/resources/asset/ebook-mobileecommerceexperience-retail,resource,learn,seo-acquisition,Get a demo,https://www.algolia.com/demorequest/,true
https://www.algolia.com/resources/asset/ebook-advancedsearchshopify,resource,learn,seo-acquisition,Get a demo,https://www.algolia.com/demorequest/,true
https://www.algolia.com/lp/algolia-with-strapi,landing-page,evaluate,conversion,Get started,https://dashboard.algolia.com/users/sign_up,true
https://www.algolia.com/exclusive/masterclass-data-enhancement-may6,landing-page,evaluate,conversion,Get started,https://dashboard.algolia.com/users/sign_up,true
https://www.algolia.com/lp/ai-search-deep-dive-demo,landing-page,evaluate,conversion,Request a demo,https://www.algolia.com/lp/ai-search-deep-dive-demo,true
https://www.algolia.com/exclusive/masterclass-data-enhancement-may7,landing-page,evaluate,conversion,Get started,https://dashboard.algolia.com/users/sign_up,true
https://www.algolia.com/exclusive/masterclass-black-friday-bootcamp-2026,landing-page,evaluate,conversion,Download the TEI study,https://www.algolia.com/lp/algolia-forrester-tei-report-2026?utm_cta=homepagecarousel,true
https://www.algolia.com/lp/algolia-ai-search-deep-dive-demo,landing-page,evaluate,conversion,Get started,https://dashboard.algolia.com/users/sign_up,true
https://www.algolia.com/resources/asset/ebook-advanced-search-adobe-commerce/introduction-why-adobe-commerce-retailers-need-advanced-search,resource,learn,seo-acquisition,Get a demo,https://www.algolia.com/demorequest,true
https://www.algolia.com/resources/asset/ebook-beyond-the-basket-algolias-shopping-assistant-for-grocers,resource,learn,seo-acquisition,Get a demo,https://www.algolia.com/demorequest/,true
https://www.algolia.com/lp/gartner-magic-quadrant-2026,landing-page,evaluate,conversion,Get started,https://dashboard.algolia.com/users/sign_up,true
https://www.algolia.com/resources/asset/ebook-aiecommerce/3-real-time-data-supercharges-ai,resource,learn,seo-acquisition,Get a demo,https://www.algolia.com/demorequest/,true
https://www.algolia.com/resources/asset/ebook-evaluatinggenai/evaluating-ai-generated-content-now-a-business-critical-function,resource,learn,seo-acquisition,Get a demo,https://www.algolia.com/demorequest,true
https://www.algolia.com/resources/asset/infographic-commercetools,resource,learn,seo-acquisition,Get a demo,https://www.algolia.com/demorequest/,true
https://www.algolia.com/resources/asset/ebook-code-replacing-code/introduction,resource,learn,seo-acquisition,Get a demo,https://www.algolia.com/demorequest,true
https://www.algolia.com/resources/asset/ebook-merchandising-edge/chapter-1-all-in-a-day-s-work-for-a-merchandiser,resource,learn,seo-acquisition,Get a demo,https://www.algolia.com/demorequest,true
https://www.algolia.com/resources/asset/infographic-grocery-solutions,resource,learn,seo-acquisition,Get a demo,https://www.algolia.com/demorequest/,true
https://www.algolia.com/lp/smelling-similar,landing-page,evaluate,conversion,Get started,https://dashboard.algolia.com/users/sign_up,true
https://www.algolia.com/resources/asset/ebook-generative-ai-search/introduction-ai-architecture-and-capabilities,resource,learn,seo-acquisition,Get a demo,https://www.algolia.com/demorequest/,true
https://www.algolia.com/resources/asset/ebook-b2baireadiness,resource,learn,seo-acquisition,Get a demo,https://www.algolia.com/demorequest,true
https://www.algolia.com/resources/asset/continuoussearchimprovement,resource,learn,seo-acquisition,Get a demo,https://www.algolia.com/demorequest/,true
https://www.algolia.com/resources/asset/ebook-deliveringpersonalizedexperiences,resource,learn,seo-acquisition,Get a demo,https://www.algolia.com/demorequest,true
https://www.algolia.com/partner-program/algolia-partner-program-policies,partner,evaluate,trust-building,Get started,https://dashboard.algolia.com/users/sign_up,true
https://www.algolia.com/resources/asset/ebook-holidaydata/reinforcing-the-search-experience-4-strategies-to-maximize-ai-search-capabilities,resource,learn,seo-acquisition,Get a demo,https://www.algolia.com/demorequest/,true
https://www.algolia.com/resources/asset/ebook-boosting-fashion-shopper-engagement,resource,learn,seo-acquisition,Get a demo,https://www.algolia.com/demorequest,true
https://www.algolia.com/resources/asset/ebook-b2baireadiness/assessing-readiness-for-ai-integration,resource,learn,seo-acquisition,Get a demo,https://www.algolia.com/demorequest,true
https://www.algolia.com/lp/grocery,landing-page,evaluate,conversion,Request a demo,https://www.algolia.com/lp/grocery#form,true
https://www.algolia.com/resources/asset/ebook-conversationalsearch,resource,learn,seo-acquisition,Get a demo,https://www.algolia.com/demorequest,true
https://www.algolia.com/resources/asset/report-dc360conversionrates2023,resource,learn,seo-acquisition,Get a demo,https://www.algolia.com/demorequest/,true
https://www.algolia.com/resources/asset/ebook-b2bsearchaudit,resource,learn,seo-acquisition,Get a demo,https://www.algolia.com/demorequest,true
https://www.algolia.com/lp/investment-value,landing-page,evaluate,conversion,Get started,https://dashboard.algolia.com/users/sign_up,true
https://www.algolia.com/resources/asset/ebook-conversationalsearch/Un-tournant,resource,learn,seo-acquisition,Get a demo,https://www.algolia.com/demorequest,true
https://www.algolia.com/resources/asset/infographic-evolutionofsearch,resource,learn,seo-acquisition,Get a demo,https://www.algolia.com/demorequest/,true
https://www.algolia.com/resources/asset/ebook-build-and-test-your-agentic-ai-experience-with-algolias-agent-studio/resourcecenterchaptercontent,resource,learn,seo-acquisition,Get a demo,https://www.algolia.com/demorequest/,true
https://www.algolia.com/resources/asset/report-idc-2023,resource,learn,seo-acquisition,Get a demo,https://www.algolia.com/demorequest/,true
https://www.algolia.com/lp/webinar-ty,landing-page,evaluate,conversion,Download the TEI study,https://www.algolia.com/lp/algolia-forrester-tei-report-2026?utm_cta=homepagecarousel,true
https://www.algolia.com/resources/asset/ebook-boosting-fashion-shopper-engagement/introduction-fashion-is-personal,resource,learn,seo-acquisition,Get a demo,https://www.algolia.com/demorequest,true
https://www.algolia.com/resources/asset/ebook-greatomnichannelexperience-dg,resource,learn,seo-acquisition,Get a demo,https://www.algolia.com/demorequest/,true
https://www.algolia.com/resources/asset/ebook-7waysmorefromalgoliasearch,resource,learn,seo-acquisition,Get a demo,https://www.algolia.com/demorequest/,true
https://www.algolia.com/resources/asset/ebook-search-that-understands/introduction,resource,learn,seo-acquisition,Get a demo,https://www.algolia.com/demorequest/,true
https://www.algolia.com/resources/asset/ebook-designing-gen-ai-systems,resource,learn,seo-acquisition,Get a demo,https://www.algolia.com/demorequest,true
https://www.algolia.com/resources/asset/video-ai-search-deep-dive-demo,resource,learn,seo-acquisition,Get a demo,https://www.algolia.com/demorequest/,true
https://www.algolia.com/partner-program/algolia-office-hours,partner,evaluate,trust-building,Get started,https://dashboard.algolia.com/users/sign_up,true
https://www.algolia.com/lp/pricing-request,landing-page,evaluate,conversion,,,true
https://www.algolia.com/lp/thankyou-neuralsearch-trial,landing-page,evaluate,conversion,Get started,https://dashboard.algolia.com/users/sign_up,true
https://www.algolia.com/resources/asset/video-applyingpostholidaylearnings,resource,learn,seo-acquisition,Get a demo,https://www.algolia.com/demorequest/,true
https://www.algolia.com/lp/thankyou-customer-newsletter-optin,landing-page,evaluate,conversion,Download the TEI study,https://www.algolia.com/lp/algolia-forrester-tei-report-2026?utm_cta=homepagecarousel,true
https://www.algolia.com/lp/more-with-less,landing-page,evaluate,conversion,Get a demo,https://www.algolia.com/demorequest,true
https://www.algolia.com/resources/asset/video-amplience,resource,learn,seo-acquisition,Get a demo,https://www.algolia.com/demorequest/,true
https://www.algolia.com/lp/partner-registration-ty,landing-page,evaluate,conversion,Get started,https://dashboard.algolia.com/users/sign_up,true
https://www.algolia.com/lp/thankyou_report_forrestertei22_french,landing-page,evaluate,conversion,Get started,https://dashboard.algolia.com/users/sign_up,true
https://www.algolia.com/lp/thankyou-learn-algolia-neuralsearch,landing-page,evaluate,conversion,Get started,https://dashboard.algolia.com/users/sign_up,true
https://www.algolia.com/resources/asset/ebook-reevaluating-llm-encoders,resource,learn,seo-acquisition,Get a demo,https://www.algolia.com/demorequest/,true
https://www.algolia.com/resources/asset/infographic-costbuildingbusinesssearch,resource,learn,seo-acquisition,Get a demo,https://www.algolia.com/demorequest/,true
https://www.algolia.com/partner-program/users,partner,evaluate,trust-building,Get started,https://dashboard.algolia.com/users/sign_up,true
https://www.algolia.com/resources/asset/ebook-conscious-friction-in-ai,resource,learn,seo-acquisition,Get a demo,https://www.algolia.com/demorequest,true
https://www.algolia.com/pricing,pricing,buy,conversion,Get Started,https://dashboard.algolia.com/users/sign_up?build=1,true
https://www.algolia.com/resources/asset/ebook-conscious-friction-in-ai/intro,resource,learn,seo-acquisition,Get a demo,https://www.algolia.com/demorequest,true
https://www.algolia.com/partner-program/marketing,partner,evaluate,trust-building,Get started,https://dashboard.algolia.com/users/sign_up,true
https://www.algolia.com/resources/asset/ebook-6-reasons-to-buy-ai-services-over-building-them,resource,learn,seo-acquisition,Get a demo,https://www.algolia.com/demorequest,true
https://www.algolia.com/resources/asset/ebook-genai/introduction,resource,learn,seo-acquisition,Get a demo,https://www.algolia.com/demorequest/,true
https://www.algolia.com/resources/asset/ebook-evaluatinggenai,resource,learn,seo-acquisition,Get a demo,https://www.algolia.com/demorequest,true
https://www.algolia.com/resources/asset/ebook-aiecommerce/Et-maintenant,resource,learn,seo-acquisition,Get a demo,https://www.algolia.com/demorequest/,true
https://www.algolia.com/partners,partner,evaluate,trust-building,Get a demo,https://www.algolia.com/demorequest,true
https://www.algolia.com/products/ai-browse,product,evaluate,conversion,Get a demo,https://www.algolia.com/demorequest?utm_content=aibrowse,true
https://www.algolia.com/partner-program/algolia-updates,partner,evaluate,trust-building,Get started,https://dashboard.algolia.com/users/sign_up,true
https://www.algolia.com/resources/asset/webinar-searchioacquisition,resource,learn,seo-acquisition,Get a demo,https://www.algolia.com/demorequest/,true
https://www.algolia.com/resources/asset/ebook-aiecommerce/1-from-matching-to-understanding,resource,learn,seo-acquisition,Get a demo,https://www.algolia.com/demorequest/,true
https://www.algolia.com/resources/asset/ebook-aisearchcapabilities,resource,learn,seo-acquisition,Get a demo,https://www.algolia.com/demorequest,true
https://www.algolia.com/products/features/ai-ranking,product,evaluate,conversion,Get a demo,https://www.algolia.com/demorequest,true
https://www.algolia.com/resources/asset/video-build101-data-sync,resource,learn,seo-acquisition,Get a demo,https://www.algolia.com/demorequest/,true
https://www.algolia.com/resources/asset/ebook-b2bimperative,resource,learn,seo-acquisition,Get a demo,https://www.algolia.com/demorequest,true
https://www.algolia.com/resources/asset/ebook-why-agentic-ai-is-your-next-priority,resource,learn,seo-acquisition,Get a demo,https://www.algolia.com/demorequest,true
https://www.algolia.com/products/features/ui-component-libraries,product,evaluate,conversion,Get a demo,https://www.algolia.com/demorequest,true
https://www.algolia.com/products/features/ai-synonyms,product,evaluate,conversion,Get a demo,https://www.algolia.com/demorequest,true
https://www.algolia.com/professional-services-support,services,evaluate,conversion,Talk to an expert,https://www.algolia.com/lp/request-pricing,true
https://www.algolia.com/resources/asset/casestudy-blindster,resource,learn,seo-acquisition,Get a demo,https://www.algolia.com/demorequest/,true
https://www.algolia.com/resources/asset/choosing-the-best-search-solution-algolia-versus-coveo,resource,learn,seo-acquisition,Get a demo,https://www.algolia.com/demorequest/,true
https://www.algolia.com/products/features/guides,product,evaluate,conversion,Get a demo,https://www.algolia.com/demorequest,true
https://www.algolia.com/resources/asset/ebook-multisignalranking,resource,learn,seo-acquisition,Get a demo,https://www.algolia.com/demorequest/,true
https://www.algolia.com/resources/asset/ebook-holidaydata/what-do-you-do-with-the-customer-data-you-ve-collected,resource,learn,seo-acquisition,Get a demo,https://www.algolia.com/demorequest/,true
https://www.algolia.com/resources/asset/webinar-digitalexpert-dk-sallinggroup-retail,resource,learn,seo-acquisition,Get a demo,https://www.algolia.com/demorequest/,true
https://www.algolia.com/resources/asset/ebook-aisearch,resource,learn,seo-acquisition,Get a demo,https://www.algolia.com/demorequest,true
https://www.algolia.com/resources/asset/ebook-reevaluating-llm-encoders/algolia-llms,resource,learn,seo-acquisition,Get a demo,https://www.algolia.com/demorequest/,true
https://www.algolia.com/resources/asset/ebook-algoliaelasticsearch/introduction,resource,learn,seo-acquisition,Get a demo,https://www.algolia.com/demorequest,true
https://www.algolia.com/resources/asset/ebook-4-advanced-tactics,resource,learn,seo-acquisition,Get a demo,https://www.algolia.com/demorequest/,true
https://www.algolia.com/resources/asset/ebook-aiecommerce,resource,learn,seo-acquisition,Get a demo,https://www.algolia.com/demorequest/,true
https://www.algolia.com/resources/asset/ebook-learn-how-to-optimize-ai-algorithms,resource,learn,seo-acquisition,Get a demo,https://www.algolia.com/demorequest,true
https://www.algolia.com/resources/asset/infographic-searchteamsreport,resource,learn,seo-acquisition,Get a demo,https://www.algolia.com/demorequest/,true
https://www.algolia.com/resources/asset/ebook-aiecommerce/10-ecommerce-gets-scientific,resource,learn,seo-acquisition,Get a demo,https://www.algolia.com/demorequest/,true
https://www.algolia.com/resources/asset/video-search-queries-why-choose-algolia,resource,learn,seo-acquisition,Get a demo,https://www.algolia.com/demorequest/,true
https://www.algolia.com/resources/asset/ebook-understanding-ai-transparency,resource,learn,seo-acquisition,Get a demo,https://www.algolia.com/demorequest/,true
https://www.algolia.com/resources/asset/video-zennioptical,resource,learn,seo-acquisition,Get a demo,https://www.algolia.com/demorequest/,true
https://www.algolia.com/resources/asset/infographic-algolia-vs-constructor,resource,learn,seo-acquisition,Get a demo,https://www.algolia.com/demorequest/,true
https://www.algolia.com/resources/asset/ebook-algolia-helps-grocers-build-customer-loyalty-and-drive-revenue,resource,learn,seo-acquisition,Get a demo,https://www.algolia.com/demorequest/,true
https://www.algolia.com/resources/asset/ebook-build-and-test-your-agentic-ai-experience-with-algolias-agent-studio,resource,learn,seo-acquisition,Get a demo,https://www.algolia.com/demorequest/,true
https://www.algolia.com/resources/asset/infographic-salesforce-commerce-cloud,resource,learn,seo-acquisition,Get a demo,https://www.algolia.com/demorequest/,true
https://www.algolia.com/resources/asset/report-boosting-sales-with-tech-integration,resource,learn,seo-acquisition,Get a demo,https://www.algolia.com/demorequest/,true
https://www.algolia.com/resources/asset/video-demo-full-power,resource,learn,seo-acquisition,Get a demo,https://www.algolia.com/demorequest/,true
https://www.algolia.com/resources/asset/ebook-b2bcasestudies/introduction,resource,learn,seo-acquisition,Get a demo,https://www.algolia.com/demorequest,true
https://www.algolia.com/resources/asset/ebook-b2bcasestudies,resource,learn,seo-acquisition,Get a demo,https://www.algolia.com/demorequest,true
https://www.algolia.com/resources/asset/video-nrfmaturitylifecycle,resource,learn,seo-acquisition,Get a demo,https://www.algolia.com/demorequest/,true
https://www.algolia.com/resources/asset/webinar-digitalexpert-orange,resource,learn,seo-acquisition,Get a demo,https://www.algolia.com/demorequest/,true
https://www.algolia.com/resources/asset/ebook-algoliaopensource/introduction,resource,learn,seo-acquisition,Get a demo,https://www.algolia.com/demorequest,true
https://www.algolia.com/resources/asset/infographic-retail-media-strategies-ranked,resource,learn,seo-acquisition,Get a demo,https://www.algolia.com/demorequest/,true
https://www.algolia.com/resources/asset/ebook-aiecommerce/ai-is-eating-ecommerce,resource,learn,seo-acquisition,Get a demo,https://www.algolia.com/demorequest/,true
https://www.algolia.com/resources/asset/infographic-search-grader,resource,learn,seo-acquisition,Get a demo,https://www.algolia.com/demorequest/,true
https://www.algolia.com/resources/asset/report-2025b2bsitesearchtrends,resource,learn,seo-acquisition,Get a demo,https://www.algolia.com/demorequest,true
https://www.algolia.com/resources/asset/ebook-personalizationwithai,resource,learn,seo-acquisition,Get a demo,https://www.algolia.com/demorequest,true
https://www.algolia.com/resources/asset/ebook-code-replacing-code,resource,learn,seo-acquisition,Get a demo,https://www.algolia.com/demorequest,true
https://www.algolia.com/resources/asset/webinar-digitalexpert-it-artemest-field,resource,learn,seo-acquisition,Get a demo,https://www.algolia.com/demorequest/,true
https://www.algolia.com/resources/asset/ebook-ctosguide,resource,learn,seo-acquisition,Get a demo,https://www.algolia.com/demorequest,true
https://www.algolia.com/resources/asset/ebook-deliveringpersonalizedexperiences/breaking-barriers-why-has-personalization-become-a-necessity,resource,learn,seo-acquisition,Get a demo,https://www.algolia.com/demorequest,true
https://www.algolia.com/resources/asset/infographic-black-friday-data,resource,learn,seo-acquisition,Get a demo,https://www.algolia.com/demorequest/,true
https://www.algolia.com/resources/asset/ebook-searchandising9bestpractices-retail,resource,learn,seo-acquisition,Get a demo,https://www.algolia.com/demorequest/,true
https://www.algolia.com/resources/asset/ebook-searchbeyondthebox-pharma,resource,learn,seo-acquisition,Get a demo,https://www.algolia.com/demorequest/,true
https://www.algolia.com/resources/asset/ebook-defensiveux/challenge,resource,learn,seo-acquisition,Get a demo,https://www.algolia.com/demorequest,true
https://www.algolia.com/resources/asset/infographic-nschecklist,resource,learn,seo-acquisition,Get a demo,https://www.algolia.com/demorequest/,true
https://www.algolia.com/resources/asset/ebook-fromdisruptingexperiencestodisruptingmarkets,resource,learn,seo-acquisition,Get a demo,https://www.algolia.com/demorequest/,true
https://www.algolia.com/resources/asset/ebook-genai,resource,learn,seo-acquisition,Get a demo,https://www.algolia.com/demorequest/,true
https://www.algolia.com/resources/asset/ebook-leveling-up-search-with-ai/start-personalizing-with-algolia,resource,learn,seo-acquisition,Get a demo,https://www.algolia.com/demorequest/,true
https://www.algolia.com/resources/asset/ebook-reevaluating-llm-encoders/conclusions-and-future-work,resource,learn,seo-acquisition,Get a demo,https://www.algolia.com/demorequest/,true
https://www.algolia.com/resources/asset/ebook-image-recommendation-api,resource,learn,seo-acquisition,Get a demo,https://www.algolia.com/demorequest,true
https://www.algolia.com/resources/asset/ebook-searchteamroles/overview,resource,learn,seo-acquisition,Get a demo,https://www.algolia.com/demorequest,true
https://www.algolia.com/resources/asset/ebook-holidaydata,resource,learn,seo-acquisition,Get a demo,https://www.algolia.com/demorequest/,true
https://www.algolia.com/resources/asset/ebook-leveling-up-search-with-ai,resource,learn,seo-acquisition,Get a demo,https://www.algolia.com/demorequest/,true
https://www.algolia.com/resources/asset/video-nrfshopify,resource,learn,seo-acquisition,Get a demo,https://www.algolia.com/demorequest/,true
https://www.algolia.com/resources/asset/ebook-realtimepersonalization/introduction,resource,learn,seo-acquisition,Get a demo,https://www.algolia.com/demorequest,true
https://www.algolia.com/resources/asset/infographics-shopify-with-algolia-search,resource,learn,seo-acquisition,Get a demo,https://www.algolia.com/demorequest/,true
https://www.algolia.com/resources/asset/ebook-image-recommendation-api/from-keyword-to-multimodal-search,resource,learn,seo-acquisition,Get a demo,https://www.algolia.com/demorequest,true
https://www.algolia.com/resources/asset/ebook-leveling-up-search-with-ai/payoffs-what-makes-ai-enabled-personalization-so-powerful,resource,learn,seo-acquisition,Get a demo,https://www.algolia.com/demorequest/,true
https://www.algolia.com/resources/asset/ebook-leveling-up-search-with-ai/the-challenges-of-implementing-ai-enabled-personalization,resource,learn,seo-acquisition,Get a demo,https://www.algolia.com/demorequest/,true
https://www.algolia.com/resources/asset/ebook-leveling-up-search-with-ai/how-does-ai-enabled-personalization-work,resource,learn,seo-acquisition,Get a demo,https://www.algolia.com/demorequest/,true
https://www.algolia.com/resources/asset/infographic-algolia-versus-bloomreach,resource,learn,seo-acquisition,Get a demo,https://www.algolia.com/demorequest/,true
https://www.algolia.com/resources/asset/ebook-mobile-ecommerce-experience/why-read-this-ebook,resource,learn,seo-acquisition,Get a demo,https://www.algolia.com/demorequest,true
https://www.algolia.com/resources/asset/ebook-optimizing-b2b-personalization/introduction-driving-kpis-in-b2b-ecommerce-with-ai-personalization,resource,learn,seo-acquisition,Get a demo,https://www.algolia.com/demorequest,true
https://www.algolia.com/resources/asset/ebook-merchandising-edge-with-aws-and-algolia,resource,learn,seo-acquisition,Get a demo,https://www.algolia.com/demorequest/,true
https://www.algolia.com/resources/asset/ebook-merchandising-ai-era/introducing-the-modern-merchandiser,resource,learn,seo-acquisition,Get a demo,https://www.algolia.com/demorequest/,true
https://www.algolia.com/resources/asset/infographic-citizendeveloper,resource,learn,seo-acquisition,Get a demo,https://www.algolia.com/demorequest/,true
https://www.algolia.com/resources/asset/ebook-mobile-ecommerce-experience,resource,learn,seo-acquisition,Get a demo,https://www.algolia.com/demorequest,true
https://www.algolia.com/resources/asset/impactchatgptsmartapps,resource,learn,seo-acquisition,Get a demo,https://www.algolia.com/demorequest/,true
https://www.algolia.com/resources/asset/ebook-optimizing-b2b-personalization,resource,learn,seo-acquisition,Get a demo,https://www.algolia.com/demorequest,true
https://www.algolia.com/resources/asset/infographic-b2bsosaiadoption,resource,learn,seo-acquisition,Get a demo,https://www.algolia.com/demorequest/,true
https://www.algolia.com/resources/asset/webinar-digitalexpert-us-inkbox-field,resource,learn,seo-acquisition,Get a demo,https://www.algolia.com/demorequest/,true
https://www.algolia.com/resources/asset/ebook-technical-buyers-guide-to-site-search/introduction,resource,learn,seo-acquisition,Get a demo,https://www.algolia.com/demorequest,true
https://www.algolia.com/resources/asset/ebook-search-media-experience,resource,learn,seo-acquisition,Get a demo,https://www.algolia.com/demorequest/,true
https://www.algolia.com/resources/asset/ebook-reevaluating-llm-encoders/methodology,resource,learn,seo-acquisition,Get a demo,https://www.algolia.com/demorequest/,true
https://www.algolia.com/resources/asset/ebook-smarter-grocery-shopping,resource,learn,seo-acquisition,Get a demo,https://www.algolia.com/demorequest/,true
https://www.algolia.com/resources/asset/ebook-personalization-profiles/introduction,resource,learn,seo-acquisition,Get a demo,https://www.algolia.com/demorequest,true
https://www.algolia.com/resources/asset/forrester-how-agents-are-changing-commerce-forever,resource,learn,seo-acquisition,Get a demo,https://www.algolia.com/demorequest/,true
https://www.algolia.com/resources/asset/ebook-retail-media-strategies-and-solutions,resource,learn,seo-acquisition,Get a demo,https://www.algolia.com/demorequest/,true
https://www.algolia.com/resources/asset/webinar-gluomachtechnology,resource,learn,seo-acquisition,Get a demo,https://www.algolia.com/demorequest/,true
https://www.algolia.com/resources/asset/ebook-the-roi-of-relevance-algolia-shopify,resource,learn,seo-acquisition,Get a demo,https://www.algolia.com/demorequest/,true
https://www.algolia.com/resources/asset/ebook-realtimepersonalization,resource,learn,seo-acquisition,Get a demo,https://www.algolia.com/demorequest,true
https://www.algolia.com/resources/asset/ebook-reevaluating-llm-encoders/introduction,resource,learn,seo-acquisition,Get a demo,https://www.algolia.com/demorequest/,true
https://www.algolia.com/resources/asset/video-maison-du-monde,resource,learn,seo-acquisition,Get a demo,https://www.algolia.com/demorequest/,true
https://www.algolia.com/resources/asset/ebook-search-beyond-box-ecommerce,resource,learn,seo-acquisition,Get a demo,https://www.algolia.com/demorequest/,true
https://www.algolia.com/resources/asset/infographic-fashion-solution,resource,learn,seo-acquisition,Get a demo,https://www.algolia.com/demorequest/,true
https://www.algolia.com/resources/asset/infographic-b2c-personalization-trends,resource,learn,seo-acquisition,Get a demo,https://www.algolia.com/demorequest/,true
https://www.algolia.com/resources/asset/infographic-headless-composable-architecture,resource,learn,seo-acquisition,Get a demo,https://www.algolia.com/demorequest/,true
https://www.algolia.com/resources/asset/report-dc3602023leadingvendors,resource,learn,seo-acquisition,Get a demo,https://www.algolia.com/demorequest/,true
https://www.algolia.com/resources/asset/ebook-semantic-search-vs-agentic-search-whats-the-difference,resource,learn,seo-acquisition,Get a demo,https://www.algolia.com/demorequest/,true
https://www.algolia.com/resources/asset/ebook-turn-your-black-friday-data-into-actionable-insights/turn-your-black-friday-data-into-actionable-insights,resource,learn,seo-acquisition,Get a demo,https://www.algolia.com/demorequest,true
https://www.algolia.com/resources/asset/infographic-algolia-versus-google,resource,learn,seo-acquisition,Get a demo,https://www.algolia.com/demorequest/,true
https://www.algolia.com/resources/asset/infographic-multi-signal-ranking,resource,learn,seo-acquisition,Get a demo,https://www.algolia.com/demorequest/,true
https://www.algolia.com/resources/asset/ebook-stop-managing-assets,resource,learn,seo-acquisition,Get a demo,https://www.algolia.com/demorequest/,true
https://www.algolia.com/resources/asset/ebook-vibe-coded-ai-search-building-safer-experiences-from-ai-generated-scaffolding,resource,learn,seo-acquisition,Get a demo,https://www.algolia.com/demorequest/,true
https://www.algolia.com/resources/asset/how-does-your-b2b-search-experience-measure-up,resource,learn,seo-acquisition,Get a demo,https://www.algolia.com/demorequest/,true
https://www.algolia.com/resources/asset/ebook-virtualassistants,resource,learn,seo-acquisition,Get a demo,https://www.algolia.com/demorequest,true
https://www.algolia.com/resources/asset/infographic-fashion-solution-with-aws,resource,learn,seo-acquisition,Get a demo,https://www.algolia.com/demorequest/,true
https://www.algolia.com/resources/asset/finetuningllms,resource,learn,seo-acquisition,Get a demo,https://www.algolia.com/demorequest/,true
https://www.algolia.com/resources/asset/infographic-ai-search-terms,resource,learn,seo-acquisition,Get a demo,https://www.algolia.com/demorequest/,true
https://www.algolia.com/resources/asset/ebook-why-agentic-ai-is-your-next-priority/what-is-agentic-ai,resource,learn,seo-acquisition,Get a demo,https://www.algolia.com/demorequest,true
https://www.algolia.com/resources/asset/webinar-digitalexpert-salomon,resource,learn,seo-acquisition,Get a demo,https://www.algolia.com/demorequest/,true
https://www.algolia.com/resources/asset/infographic-adobe-commerce,resource,learn,seo-acquisition,Get a demo,https://www.algolia.com/demorequest/,true
https://www.algolia.com/resources/asset/feature-demo-data-transformation-work-smarter-win-faster,resource,learn,seo-acquisition,Get a demo,https://www.algolia.com/demorequest/,true
https://www.algolia.com/resources/asset/guide-firstbrickheadless,resource,learn,seo-acquisition,Get a demo,https://www.algolia.com/demorequest,true
https://www.algolia.com/resources/asset/video-masterb2blivestream,resource,learn,seo-acquisition,Get a demo,https://www.algolia.com/demorequest/,true
https://www.algolia.com/resources/asset/vibeworththousandwords,resource,learn,seo-acquisition,Get a demo,https://www.algolia.com/demorequest/,true
https://www.algolia.com/resources/asset/infographic-truee2esearch,resource,learn,seo-acquisition,Get a demo,https://www.algolia.com/demorequest/,true
https://www.algolia.com/resources/asset/webinar-digitalexpert-ai-led-merchandising,resource,learn,seo-acquisition,Get a demo,https://www.algolia.com/demorequest/,true
https://www.algolia.com/resources/asset/video-walgreenspartnership,resource,learn,seo-acquisition,Get a demo,https://www.algolia.com/demorequest/,true
https://www.algolia.com/resources/asset/infographic-agentic-ai,resource,learn,seo-acquisition,Get a demo,https://www.algolia.com/demorequest/,true
https://www.algolia.com/resources/asset/video-search-queries,resource,learn,seo-acquisition,Get a demo,https://www.algolia.com/demorequest/,true
https://www.algolia.com/resources/asset/video-searchteamsreportoverview,resource,learn,seo-acquisition,Get a demo,https://www.algolia.com/demorequest/,true
https://www.algolia.com/thank-you/field-event-registration,utility,none,utility,Get started,https://dashboard.algolia.com/users/sign_up,false
https://www.algolia.com/resources/asset/webinar-masterclassdrr,resource,learn,seo-acquisition,Get a demo,https://www.algolia.com/demorequest/,true
https://www.algolia.com/resources/asset/infographic-algoliavselasticsearch,resource,learn,seo-acquisition,Get a demo,https://www.algolia.com/demorequest/,true
https://www.algolia.com/resources/asset/infographic-leader-gartner-magic-quadrant,resource,learn,seo-acquisition,Get a demo,https://www.algolia.com/demorequest/,true
https://www.algolia.com/resources/asset/report-b2b-site-search-trends-2024/introduction-the-b2b-state-of-search,resource,learn,seo-acquisition,Get a demo,https://www.algolia.com/demorequest,true
https://www.algolia.com/resources/asset/solvingalgoliasissues,resource,learn,seo-acquisition,Get a demo,https://www.algolia.com/demorequest/,true
https://www.algolia.com/resources/asset/infographic-b2bsosinitiatives,resource,learn,seo-acquisition,Get a demo,https://www.algolia.com/demorequest/,true
https://www.algolia.com/resources/asset/infographic-dynamic-re-ranking-boost,resource,learn,seo-acquisition,Get a demo,https://www.algolia.com/demorequest/,true
https://www.algolia.com/resources/asset/video-b2b-ecommerce-search-trends-2024,resource,learn,seo-acquisition,Get a demo,https://www.algolia.com/demorequest/,true
https://www.algolia.com/resources/asset/video-predict,resource,learn,seo-acquisition,Get a demo,https://www.algolia.com/demorequest/,true
https://www.algolia.com/resources/asset/report-dc360ecomplatformreport,resource,learn,seo-acquisition,Get a demo,https://www.algolia.com/demorequest/,true
https://www.algolia.com/resources/asset/video-nrfsfcc,resource,learn,seo-acquisition,Get a demo,https://www.algolia.com/demorequest/,true
https://www.algolia.com/resources/asset/video-build101-sending-events,resource,learn,seo-acquisition,Get a demo,https://www.algolia.com/demorequest/,true
https://www.algolia.com/resources/asset/infographic-the-difference-between-semantic-search-and-agentic-search,resource,learn,seo-acquisition,Get a demo,https://www.algolia.com/demorequest/,true
https://www.algolia.com/resources/asset/insights-from-1200-search-builders-2025-how-search-teams-work-report,resource,learn,seo-acquisition,Get a demo,https://www.algolia.com/demorequest/,true
https://www.algolia.com/resources/asset/infographic-merchandising-studio,resource,learn,seo-acquisition,Get a demo,https://www.algolia.com/demorequest/,true
https://www.algolia.com/resources/asset/report-ecommerce-site-search-trends-2024,resource,learn,seo-acquisition,Get a demo,https://www.algolia.com/demorequest,true
https://www.algolia.com/resources/asset/infographic-query-categorization,resource,learn,seo-acquisition,Get a demo,https://www.algolia.com/demorequest/,true
https://www.algolia.com/resources/asset/webinar-digitalexpert-hktv,resource,learn,seo-acquisition,Get a demo,https://www.algolia.com/demorequest/,true
https://www.algolia.com/resources/asset/infographic-unlock-the-power-of-agentic-ai,resource,learn,seo-acquisition,Get a demo,https://www.algolia.com/demorequest/,true
https://www.algolia.com/resources/asset/video-merchandisingofthefuture,resource,learn,seo-acquisition,Get a demo,https://www.algolia.com/demorequest/,true
https://www.algolia.com/resources/asset/video-search-queries-building-personalized-search,resource,learn,seo-acquisition,Get a demo,https://www.algolia.com/demorequest/,true
https://www.algolia.com/resources/asset/video-neuralsearch-product-demo,resource,learn,seo-acquisition,Get a demo,https://www.algolia.com/demorequest/,true
https://www.algolia.com/resources/asset/video-nrfcommercetools,resource,learn,seo-acquisition,Get a demo,https://www.algolia.com/demorequest/,true
https://www.algolia.com/resources/asset/report-the-total-economic-impact-of-algolia-2022,resource,learn,seo-acquisition,Get a demo,https://www.algolia.com/demorequest/,true
https://www.algolia.com/resources/asset/video-bbc-interview,resource,learn,seo-acquisition,Get a demo,https://www.algolia.com/demorequest/,true
https://www.algolia.com/resources/asset/video-aiforcommerce,resource,learn,seo-acquisition,Get a demo,https://www.algolia.com/demorequest/,true
https://www.algolia.com/resources/asset/video-aiecommerce,resource,learn,seo-acquisition,Get a demo,https://www.algolia.com/demorequest/,true
https://www.algolia.com/resources/asset/report-paradigm-b2b-midmarket,resource,learn,seo-acquisition,Get a demo,https://www.algolia.com/demorequest/,true
https://www.algolia.com/resources/asset/report-b2b-site-search-trends-2024,resource,learn,seo-acquisition,Get a demo,https://www.algolia.com/demorequest,true
https://www.algolia.com/resources/asset/video-build101-customizing-widgets,resource,learn,seo-acquisition,Get a demo,https://www.algolia.com/demorequest/,true
https://www.algolia.com/resources/asset/report-searchteamstrends,resource,learn,seo-acquisition,Get a demo,https://www.algolia.com/demorequest,true
https://www.algolia.com/resources/asset/report-searchteamstrends/introduction,resource,learn,seo-acquisition,Get a demo,https://www.algolia.com/demorequest,true
https://www.algolia.com/resources/asset/webinar-digitalexpert-lyle-and-scott,resource,learn,seo-acquisition,Get a demo,https://www.algolia.com/demorequest/,true
https://www.algolia.com/search-solutions/shopify,solution,evaluate,conversion,Get a demo,https://www.algolia.com/demorequest,true
https://www.algolia.com/resources/asset/video-60smachalliance,resource,learn,seo-acquisition,Get a demo,https://www.algolia.com/demorequest/,true
https://www.algolia.com/resources/asset/video-demo-query-categorization,resource,learn,seo-acquisition,Get a demo,https://www.algolia.com/demorequest/,true
https://www.algolia.com/resources/asset/video-5-strategies-responsible-personalization,resource,learn,seo-acquisition,Get a demo,https://www.algolia.com/demorequest/,true
https://www.algolia.com/resources/asset/video-b2c-ecommerce-search-trends-2024,resource,learn,seo-acquisition,Get a demo,https://www.algolia.com/demorequest/,true
https://www.algolia.com/resources/asset/video-build101-instantsearch,resource,learn,seo-acquisition,Get a demo,https://www.algolia.com/demorequest/,true
https://www.algolia.com/resources/asset/video-from-keywords-to-conversations,resource,learn,seo-acquisition,Get a demo,https://www.algolia.com/demorequest/,true
https://www.algolia.com/resources/asset/video-build101-search-ui-implementation,resource,learn,seo-acquisition,Get a demo,https://www.algolia.com/demorequest/,true
https://www.algolia.com/resources/asset/video-neuralsearch-demo,resource,learn,seo-acquisition,Get a demo,https://www.algolia.com/demorequest/,true
https://www.algolia.com/resources/asset/video-merchandising-studio-demo,resource,learn,seo-acquisition,Get a demo,https://www.algolia.com/demorequest/,true
https://www.algolia.com/resources/asset/video-build101-pushing-data-to-algolia-js,resource,learn,seo-acquisition,Get a demo,https://www.algolia.com/demorequest/,true
https://www.algolia.com/resources/asset/video-build101-ui-libraries-overview,resource,learn,seo-acquisition,Get a demo,https://www.algolia.com/demorequest/,true
https://www.algolia.com/resources/asset/video-humanizing-digital-experience,resource,learn,seo-acquisition,Get a demo,https://www.algolia.com/demorequest/,true
https://www.algolia.com/resources/asset/video-data-transformation,resource,learn,seo-acquisition,Get a demo,https://www.algolia.com/demorequest/,true
https://www.algolia.com/resources/asset/video-introducingalgoliashoppingguides,resource,learn,seo-acquisition,Get a demo,https://www.algolia.com/demorequest/,true
https://www.algolia.com/resources/asset/video-nrfadobe,resource,learn,seo-acquisition,Get a demo,https://www.algolia.com/demorequest/,true
https://www.algolia.com/resources/asset/video-kiabi-strategy,resource,learn,seo-acquisition,Get a demo,https://www.algolia.com/demorequest/,true
https://www.algolia.com/resources/asset/video-walgreensomnichannel,resource,learn,seo-acquisition,Get a demo,https://www.algolia.com/demorequest/,true
https://www.algolia.com/resources/asset/video-personalized-search-experiences,resource,learn,seo-acquisition,Get a demo,https://www.algolia.com/demorequest/,true
https://www.algolia.com/resources/asset/webinar-forrester-new-revenue-engine,resource,learn,seo-acquisition,Get a demo,https://www.algolia.com/demorequest/,true
https://www.algolia.com/resources/asset/video-walkthrough-smart-groups,resource,learn,seo-acquisition,Get a demo,https://www.algolia.com/demorequest/,true
https://www.algolia.com/resources/asset/webinar-b2b-search-audit,resource,learn,seo-acquisition,Get a demo,https://www.algolia.com/demorequest/,true
https://www.algolia.com/resources/asset/webinar-nsfiresidechat,resource,learn,seo-acquisition,Get a demo,https://www.algolia.com/demorequest/,true
https://www.algolia.com/resources/asset/video-nrfdayinthelife,resource,learn,seo-acquisition,Get a demo,https://www.algolia.com/demorequest/,true
https://www.algolia.com/resources/asset/white-paper-algolia-as-a-context-relevance-translation-engine-white-paper,resource,learn,seo-acquisition,Get a demo,https://www.algolia.com/demorequest/,true
https://www.algolia.com/resources/asset/webinar-drr-lyle-and-scott,resource,learn,seo-acquisition,Get a demo,https://www.algolia.com/demorequest/,true
https://www.algolia.com/resources/asset/video-poweringfutureofgrocery,resource,learn,seo-acquisition,Get a demo,https://www.algolia.com/demorequest/,true
https://www.algolia.com/resources/asset/video-nrfbigcommerce,resource,learn,seo-acquisition,Get a demo,https://www.algolia.com/demorequest/,true
https://www.algolia.com/resources/asset/video-search-queries-smart-groups,resource,learn,seo-acquisition,Get a demo,https://www.algolia.com/demorequest/,true
https://www.algolia.com/resources/asset/white-paper-what-to-know-when-implementing-rag-with-your-search-solution,resource,learn,seo-acquisition,Get a demo,https://www.algolia.com/demorequest,true
https://www.algolia.com/resources/asset/video-nrfvalueofsearch,resource,learn,seo-acquisition,Get a demo,https://www.algolia.com/demorequest/,true
https://www.algolia.com/resources/asset/video-walgreensroi,resource,learn,seo-acquisition,Get a demo,https://www.algolia.com/demorequest/,true
https://www.algolia.com/resources/asset/webinar-chefkoch-ai-search-experience,resource,learn,seo-acquisition,Get a demo,https://www.algolia.com/demorequest/,true
https://www.algolia.com/resources/asset/webinar-customer-masterclass-boost-revenue-query-categorization,resource,learn,seo-acquisition,Get a demo,https://www.algolia.com/demorequest/,true
https://www.algolia.com/search-audit,landing-page,evaluate,conversion,Get started,https://dashboard.algolia.com/users/sign_up,true
https://www.algolia.com/search-solutions/commercetools,solution,evaluate,conversion,Get a demo,https://www.algolia.com/demorequest,true
https://www.algolia.com/resources/asset/webinar-priceyourproduct,resource,learn,seo-acquisition,Get a demo,https://www.algolia.com/demorequest/,true
https://www.algolia.com/resources/asset/webinar-digitalexpert-ch-tagheuer,resource,learn,seo-acquisition,Get a demo,https://www.algolia.com/demorequest/,true
https://www.algolia.com/resources/asset/webinar-digitalexpert-br-epeca,resource,learn,seo-acquisition,Get a demo,https://www.algolia.com/demorequest/,true
https://www.algolia.com/resources/asset/white-paper-architecture-data-foundations-for-ai-powered-search,resource,learn,seo-acquisition,Get a demo,https://www.algolia.com/demorequest/,true
https://www.algolia.com/resources/asset/webinar-digitalexpertschronext-field-retail,resource,learn,seo-acquisition,Get a demo,https://www.algolia.com/demorequest/,true
https://www.algolia.com/resources/asset/webinar-digitalexpert-wizbii,resource,learn,seo-acquisition,Get a demo,https://www.algolia.com/demorequest/,true
https://www.algolia.com/resources/asset/webinar-digitalexpert-metro60,resource,learn,seo-acquisition,Get a demo,https://www.algolia.com/demorequest/,true
https://www.algolia.com/resources/asset/webinar-ux-best-practices,resource,learn,seo-acquisition,Get a demo,https://www.algolia.com/demorequest/,true
https://www.algolia.com/search-solutions/algolia-on-azure,solution,evaluate,conversion,Get a demo,https://www.algolia.com/demorequest,true
https://www.algolia.com/resources/asset/webinar-digitalexpert-petlove,resource,learn,seo-acquisition,Get a demo,https://www.algolia.com/demorequest/,true
https://www.algolia.com/resources/asset/webinar-digitalexpert-se-alligo-field,resource,learn,seo-acquisition,Get a demo,https://www.algolia.com/demorequest/,true
https://www.algolia.com/resources/asset/webinar-digitalexpert-edx,resource,learn,seo-acquisition,Get a demo,https://www.algolia.com/demorequest/,true
https://www.algolia.com/resources/asset/webinar-gymshark-field-retail,resource,learn,seo-acquisition,Get a demo,https://www.algolia.com/demorequest/,true
https://www.algolia.com/webinars/partner-agent-studio-webinar,webinar,learn,seo-acquisition,Download the TEI study,https://www.algolia.com/lp/algolia-forrester-tei-report-2026?utm_cta=homepagecarousel,true
https://www.algolia.com/resources/asset/webinar-nsfiresidechat-apac,resource,learn,seo-acquisition,Get a demo,https://www.algolia.com/demorequest/,true
https://www.algolia.com/resources/asset/webinar-merchandisingartscience,resource,learn,seo-acquisition,Get a demo,https://www.algolia.com/demorequest/,true
https://www.algolia.com/resources/asset/webinar-masterb2bchatgptunwebinar,resource,learn,seo-acquisition,Get a demo,https://www.algolia.com/demorequest/,true
https://www.algolia.com/resources/asset/webinar-grupomateus,resource,learn,seo-acquisition,Get a demo,https://www.algolia.com/demorequest/,true
https://www.algolia.com/resources/asset/white-paper-striking-the-balance-between-security-and-roi,resource,learn,seo-acquisition,Get a demo,https://www.algolia.com/demorequest/,true
https://www.algolia.com/use-cases/retail-media-network,use-case,evaluate,conversion,Get a demo,https://www.algolia.com/demorequest,true
https://www.algolia.com/search-solutions/adobe-experience-manager,solution,evaluate,conversion,Get a demo,https://www.algolia.com/demorequest,true
https://www.algolia.com/resources/asset/webinar-digitalexpert-sport2000,resource,learn,seo-acquisition,Get a demo,https://www.algolia.com/demorequest/,true
https://www.algolia.com/search-solutions/algolia-on-aws,solution,evaluate,conversion,Get a demo,https://www.algolia.com/demorequest,true
https://www.algolia.com/search-solutions/bigcommerce,solution,evaluate,conversion,Get a demo,https://www.algolia.com/demorequest,true
https://www.algolia.com/resources/asset/webinar-fireside-chat-unlock-revenue-growth,resource,learn,seo-acquisition,Get a demo,https://www.algolia.com/demorequest/,true
https://www.algolia.com/resources/asset/webinar-partnerenablement-2,resource,learn,seo-acquisition,Get a demo,https://www.algolia.com/demorequest/,true
https://www.algolia.com/use-cases,use-case,evaluate,conversion,Get a demo,https://www.algolia.com/demorequest,true
https://www.algolia.com/resources/asset/webinar-partnerenablement,resource,learn,seo-acquisition,Get a demo,https://www.algolia.com/demorequest/,true
https://www.algolia.com/search-solutions,solution,evaluate,conversion,Get started,https://dashboard.algolia.com/users/sign_up,true
https://www.algolia.com/resources/asset/white-paper-building-agentic-ai,resource,learn,seo-acquisition,Get a demo,https://www.algolia.com/demorequest/,true
https://www.algolia.com/search-solutions/netlify,solution,evaluate,conversion,Get a demo,https://www.algolia.com/demorequest,true
https://www.algolia.com/test-algolia-get-a-demo,contact-sales,buy,conversion,,,true
https://www.algolia.com/resources/asset/white-paper-edge-ai-as-a-local-relevance-and-retrieval-engine,resource,learn,seo-acquisition,Get a demo,https://www.algolia.com/demorequest/,true
https://www.algolia.com/search,search,none,utility,Get started,https://dashboard.algolia.com/users/sign_up,false
https://www.algolia.com/resources/asset/white-paper-hallucination-mitigation-in-enterprise-search,resource,learn,seo-acquisition,Get a demo,https://www.algolia.com/demorequest/,true
https://www.algolia.com/resources/asset/white-paper-search-box-to-workflow-copilot,resource,learn,seo-acquisition,Get a demo,https://www.algolia.com/demorequest/,true
https://www.algolia.com/resources/asset/white-paper-what-to-know-when-implementing-rag-with-your-search-solution/what-to-know-when-implementing-rag-with-your-search-solution,resource,learn,seo-acquisition,Get a demo,https://www.algolia.com/demorequest,true
https://www.algolia.com/use-cases/visual-search,use-case,evaluate,conversion,Get a demo,https://www.algolia.com/demorequest?utm_cta=visualsearch,true
https://www.algolia.com/use-cases/mobile-search,use-case,evaluate,conversion,Get a demo,https://www.algolia.com/demorequest?utm_cta=mobileappsearch,true
https://www.algolia.com/search-solutions/shopify/hydrogen,solution,evaluate,conversion,Get a demo,https://www.algolia.com/demorequest,true
https://www.algolia.com/use-cases/site-search,use-case,evaluate,conversion,Get a demo,https://www.algolia.com/demorequest?utm_cta=sitesearch,true
https://www.algolia.com/thank-you/webinar-registration,utility,none,utility,Get started,https://dashboard.algolia.com/users/sign_up,false
https://www.algolia.com/thank-you/contact,utility,none,utility,Get started,https://dashboard.algolia.com/users/sign_up,false
https://www.algolia.com/use-cases/documentation-search,use-case,evaluate,conversion,Get a demo,https://www.algolia.com/demorequest,true
https://www.algolia.com/user-research,utility,none,utility,Get started,https://dashboard.algolia.com/users/sign_up,false
https://www.algolia.com/value-signup,landing-page,evaluate,conversion,,,true
https://www.algolia.com/use-cases/enterprise,use-case,evaluate,conversion,Get a demo,https://www.algolia.com/demorequest?utm_cta=enterprise,true
https://www.algolia.com/thank-you/tradeshow,utility,none,utility,Get a demo,https://www.algolia.com/thank-you/tradeshow,false
https://www.algolia.com/use-cases/image-search,use-case,evaluate,conversion,Get a demo,https://www.algolia.com/demorequest?utm_cta=imagesearch,true
https://www.algolia.com/use-cases/headless-commerce,use-case,evaluate,conversion,Get a demo,https://www.algolia.com/demorequest?utm_cta=headless,true
https://www.algolia.com/welcome,utility,none,utility,Get a demo,https://www.algolia.com/demorequest,false
https://www.algolia.com/use-cases/voice-search,use-case,evaluate,conversion,Get a demo,https://www.algolia.com/demorequest?utm_cta=voicesearch,true
https://www.algolia.com/webinars,webinar,learn,seo-acquisition,Get a demo,https://www.algolia.com/demorequest,true
https://www.algolia.com/webinars/partners-only-data-transformations,webinar,learn,seo-acquisition,Get started,https://dashboard.algolia.com/users/sign_up,true
